-- MySQL dump 10.13  Distrib 9.5.0, for Win64 (x86_64)
--
-- Host: localhost    Database: pwhl_analytics
-- ------------------------------------------------------
-- Server version	9.5.0

/*!40101 SET @OLD_CHARACTER_SET_CLIENT=@@CHARACTER_SET_CLIENT */;
/*!40101 SET @OLD_CHARACTER_SET_RESULTS=@@CHARACTER_SET_RESULTS */;
/*!40101 SET @OLD_COLLATION_CONNECTION=@@COLLATION_CONNECTION */;
/*!50503 SET NAMES utf8mb4 */;
/*!40103 SET @OLD_TIME_ZONE=@@TIME_ZONE */;
/*!40103 SET TIME_ZONE='+00:00' */;
/*!40014 SET @OLD_UNIQUE_CHECKS=@@UNIQUE_CHECKS, UNIQUE_CHECKS=0 */;
/*!40014 SET @OLD_FOREIGN_KEY_CHECKS=@@FOREIGN_KEY_CHECKS, FOREIGN_KEY_CHECKS=0 */;
/*!40101 SET @OLD_SQL_MODE=@@SQL_MODE, SQL_MODE='NO_AUTO_VALUE_ON_ZERO' */;
/*!40111 SET @OLD_SQL_NOTES=@@SQL_NOTES, SQL_NOTES=0 */;
SET @MYSQLDUMP_TEMP_LOG_BIN = @@SESSION.SQL_LOG_BIN;
SET @@SESSION.SQL_LOG_BIN= 0;

--
-- GTID state at the beginning of the backup 
--

SET @@GLOBAL.GTID_PURGED=/*!80000 '+'*/ '7ed4fc87-fa45-11f0-b7dc-607d09aa6a93:1-127';

--
-- Table structure for table `games`
--

DROP TABLE IF EXISTS `games`;
/*!40101 SET @saved_cs_client     = @@character_set_client */;
/*!50503 SET character_set_client = utf8mb4 */;
CREATE TABLE `games` (
  `game_id` int NOT NULL AUTO_INCREMENT,
  `season_id` int NOT NULL,
  `date` date NOT NULL,
  `home_team_id` int NOT NULL,
  `away_team_id` int NOT NULL,
  `home_score` int DEFAULT NULL,
  `away_score` int DEFAULT NULL,
  `game_status` varchar(20) DEFAULT NULL,
  `result_type` varchar(3) DEFAULT NULL,
  `overtime_periods` int DEFAULT NULL,
  `attendance` int DEFAULT NULL,
  `venue` varchar(100) DEFAULT NULL,
  PRIMARY KEY (`game_id`),
  KEY `home_team_id` (`home_team_id`),
  KEY `away_team_id` (`away_team_id`),
  CONSTRAINT `games_ibfk_1` FOREIGN KEY (`home_team_id`) REFERENCES `teams` (`team_id`),
  CONSTRAINT `games_ibfk_2` FOREIGN KEY (`away_team_id`) REFERENCES `teams` (`team_id`)
) ENGINE=InnoDB AUTO_INCREMENT=275 DEFAULT CHARSET=utf8mb4 COLLATE=utf8mb4_0900_ai_ci;
/*!40101 SET character_set_client = @saved_cs_client */;

--
-- Dumping data for table `games`
--

LOCK TABLES `games` WRITE;
/*!40000 ALTER TABLE `games` DISABLE KEYS */;
INSERT INTO `games` VALUES (210,8,'2025-11-21',2,6,1,2,'final','REG',0,9138,NULL),(211,8,'2025-11-21',9,8,4,3,'final','OT',1,14958,NULL),(212,8,'2025-11-22',5,4,0,4,'final','REG',0,7371,NULL),(213,8,'2025-11-23',1,3,2,0,'final','REG',0,5166,NULL),(214,8,'2025-11-25',3,4,4,0,'final','REG',0,8392,NULL),(215,8,'2025-11-26',5,9,5,1,'final','REG',0,5507,NULL),(216,8,'2025-11-28',8,2,0,3,'final','REG',0,16014,NULL),(217,8,'2025-11-29',4,9,5,1,'final','REG',0,3517,NULL),(218,8,'2025-11-29',6,1,1,3,'final','REG',0,8277,NULL),(219,8,'2025-12-02',5,2,1,5,'final','REG',0,5174,NULL),(220,8,'2025-12-03',1,9,2,0,'final','REG',0,3516,NULL),(221,8,'2025-12-03',8,4,2,1,'final','REG',0,8622,NULL),(222,8,'2025-12-04',6,5,3,1,'final','REG',0,7715,NULL),(223,8,'2025-12-06',9,4,4,0,'final','REG',0,9502,NULL),(224,8,'2025-12-07',3,6,3,1,'final','REG',0,8113,NULL),(225,8,'2025-12-07',1,2,4,1,'final','REG',0,5338,NULL),(226,8,'2025-12-16',9,5,2,1,'final','REG',0,9250,NULL),(227,8,'2025-12-17',6,3,1,2,'final','OT',1,10438,NULL),(228,8,'2025-12-17',4,1,0,2,'final','REG',0,1884,NULL),(229,8,'2025-12-17',8,5,4,1,'final','REG',0,9389,NULL),(230,8,'2025-12-19',2,1,5,2,'final','REG',0,7216,NULL),(231,8,'2025-12-20',9,3,2,4,'final','REG',0,12127,NULL),(232,8,'2025-12-21',4,6,3,4,'final','REG',0,3517,NULL),(233,8,'2025-12-21',2,5,2,3,'final','OT',1,7238,NULL),(234,8,'2025-12-21',8,1,1,3,'final','REG',0,11023,NULL),(235,8,'2025-12-23',6,5,3,4,'final','OT',1,8108,NULL),(236,8,'2025-12-23',8,3,2,1,'final','REG',0,10276,NULL),(237,8,'2025-12-27',5,1,3,2,'final','SO',1,8497,NULL),(238,8,'2025-12-27',3,6,1,2,'final','REG',0,18107,NULL),(239,8,'2025-12-27',9,2,1,2,'final','OT',1,10264,NULL),(240,8,'2025-12-28',4,8,4,3,'final','REG',0,8514,NULL),(241,8,'2025-12-30',6,2,1,5,'final','REG',0,8318,NULL),(242,8,'2025-12-31',4,9,2,0,'final','REG',0,2735,NULL),(243,8,'2026-01-02',4,3,4,3,'final','REG',0,3513,NULL),(244,8,'2026-01-03',5,2,5,2,'final','REG',0,8235,NULL),(245,8,'2026-01-03',6,8,2,3,'final','OT',1,16012,NULL),(246,8,'2026-01-03',1,9,3,4,'final','REG',0,9624,NULL),(247,8,'2026-01-04',3,2,3,2,'final','OT',1,10172,NULL),(248,8,'2026-01-06',6,4,0,2,'final','REG',0,7924,NULL),(249,8,'2026-01-09',5,9,4,2,'final','REG',0,7889,NULL),(250,8,'2026-01-07',1,8,2,1,'final','REG',0,6003,NULL),(251,8,'2026-01-11',1,5,1,2,'final','OT',1,10452,NULL),(252,8,'2026-01-11',2,8,6,2,'final','REG',0,9787,NULL),(253,8,'2026-01-11',3,9,1,0,'final','REG',0,14624,NULL),(254,8,'2026-01-13',3,5,2,1,'final','REG',0,7408,NULL),(255,8,'2026-01-14',1,6,2,1,'final','REG',0,3372,NULL),(256,8,'2026-01-16',4,2,2,3,'final','OT',1,4244,NULL),(257,8,'2026-01-17',6,9,2,1,'final','OT',1,17856,NULL),(258,8,'2026-01-18',4,3,2,1,'final','REG',0,17228,NULL),(259,8,'2026-01-18',8,1,1,2,'final','OT',1,12774,NULL),(260,8,'2026-01-20',4,5,3,4,'final','OT',1,2759,NULL),(261,8,'2026-01-20',8,6,6,4,'final','REG',0,10160,NULL),(262,8,'2026-01-21',2,3,1,2,'final','OT',1,6113,NULL),(263,8,'2026-01-22',9,6,5,0,'final','REG',0,14006,NULL),(264,8,'2026-01-24',3,5,3,1,'final','REG',0,10172,NULL),(265,8,'2026-01-25',2,4,6,2,'final','REG',0,7752,NULL),(266,8,'2026-01-25',8,9,1,3,'final','REG',0,11612,NULL),(267,8,'2026-01-28',3,6,3,0,'final','REG',0,8018,NULL),(268,8,'2026-01-28',5,8,4,2,'final','REG',0,6787,NULL),(269,8,'2026-01-28',1,4,4,3,'final','SO',1,4697,NULL),(270,8,'2026-01-28',2,9,4,1,'final','REG',0,5249,NULL),(271,8,'2026-02-26',4,3,1,4,'final','REG',0,3488,NULL),(272,8,'2026-02-27',8,6,2,5,'final','REG',0,17335,NULL),(273,8,'2026-02-28',5,1,2,3,'final','OT',1,8572,NULL),(274,8,'2026-03-01',3,2,4,0,'final','REG',0,10172,NULL);
/*!40000 ALTER TABLE `games` ENABLE KEYS */;
UNLOCK TABLES;

--
-- Table structure for table `goalie_game_stats`
--

DROP TABLE IF EXISTS `goalie_game_stats`;
/*!40101 SET @saved_cs_client     = @@character_set_client */;
/*!50503 SET character_set_client = utf8mb4 */;
CREATE TABLE `goalie_game_stats` (
  `id` int NOT NULL AUTO_INCREMENT,
  `game_id` int NOT NULL,
  `player_id` int NOT NULL,
  `team_id` int NOT NULL,
  `shots_against` int DEFAULT NULL,
  `saves` int DEFAULT NULL,
  `goals_against` int DEFAULT NULL,
  `save_percentage` float DEFAULT NULL,
  `minutes_played` int DEFAULT NULL,
  `decision` varchar(5) DEFAULT NULL,
  PRIMARY KEY (`id`),
  KEY `game_id` (`game_id`),
  KEY `player_id` (`player_id`),
  KEY `team_id` (`team_id`),
  CONSTRAINT `goalie_game_stats_ibfk_1` FOREIGN KEY (`game_id`) REFERENCES `games` (`game_id`),
  CONSTRAINT `goalie_game_stats_ibfk_2` FOREIGN KEY (`player_id`) REFERENCES `players` (`player_id`),
  CONSTRAINT `goalie_game_stats_ibfk_3` FOREIGN KEY (`team_id`) REFERENCES `teams` (`team_id`)
) ENGINE=InnoDB AUTO_INCREMENT=186 DEFAULT CHARSET=utf8mb4 COLLATE=utf8mb4_0900_ai_ci;
/*!40101 SET character_set_client = @saved_cs_client */;

--
-- Dumping data for table `goalie_game_stats`
--

LOCK TABLES `goalie_game_stats` WRITE;
/*!40000 ALTER TABLE `goalie_game_stats` DISABLE KEYS */;
INSERT INTO `goalie_game_stats` VALUES (5,210,123,2,19,17,2,0.894737,58,'L'),(8,210,211,6,2,2,0,1,4,'W'),(10,211,59,9,1,1,0,1,3,'W'),(11,211,155,8,27,23,4,0.851852,61,'OTL'),(12,212,222,5,41,38,3,0.926829,57,'L'),(13,212,228,4,28,28,0,1,60,'W'),(15,213,6,1,6,6,0,1,23,'W'),(16,213,28,3,28,26,2,0.928571,57,'L'),(18,214,28,3,32,32,0,1,56,'W'),(21,214,228,4,0,0,0,NULL,0,'L'),(22,215,222,5,19,18,1,0.947368,60,'W'),(24,215,59,9,2,2,0,1,1,'L'),(25,216,155,8,25,22,3,0.88,60,'L'),(26,216,22,2,30,30,0,1,60,'W'),(27,217,228,4,21,20,1,0.952381,60,'W'),(28,217,64,9,28,23,5,0.821429,60,'L'),(30,218,211,6,0,0,0,NULL,0,'L'),(31,218,6,1,25,24,1,0.96,60,'W'),(33,219,222,5,0,0,0,NULL,1,'L'),(34,219,22,2,36,35,1,0.972222,60,'W'),(35,220,6,1,21,21,0,1,60,'W'),(36,220,59,9,31,29,2,0.935484,57,'L'),(37,221,250,8,24,23,1,0.958333,60,'W'),(38,221,228,4,20,18,2,0.9,60,'L'),(40,222,85,6,14,14,0,1,50,'W'),(42,222,222,5,0,0,0,NULL,0,'L'),(43,223,59,9,28,28,0,1,60,'W'),(44,223,228,4,20,16,4,0.8,60,'L'),(46,224,28,3,18,17,1,0.944444,37,'W'),(47,224,211,6,30,27,3,0.9,57,'L'),(48,225,6,1,27,26,1,0.962963,60,'W'),(49,225,123,2,35,31,4,0.885714,60,'L'),(50,226,64,9,34,33,1,0.970588,60,'W'),(51,226,222,5,29,27,2,0.931035,58,'L'),(52,227,211,6,31,30,1,0.967742,65,'SOL'),(53,227,28,3,36,35,1,0.972222,65,'W'),(54,228,228,4,21,19,2,0.904762,57,'L'),(55,228,6,1,33,33,0,1,60,'W'),(56,229,250,8,25,24,1,0.96,60,'W'),(57,229,238,5,23,20,3,0.869565,60,'L'),(58,230,22,2,29,27,2,0.931035,60,'W'),(61,230,6,1,0,0,0,NULL,0,'L'),(63,231,59,9,0,0,0,NULL,0,'L'),(64,231,48,3,29,27,2,0.931035,60,'W'),(66,232,228,4,0,0,0,NULL,0,'L'),(67,232,85,6,40,37,3,0.925,60,'W'),(69,233,22,2,21,19,2,0.904762,48,'OTL'),(71,233,222,5,22,21,1,0.954545,32,'W'),(72,234,155,8,38,35,3,0.921053,60,'L'),(73,234,41,1,27,26,1,0.962963,60,'W'),(74,235,211,6,37,33,4,0.891892,61,'OTL'),(75,235,222,5,37,34,3,0.918919,61,'W'),(76,236,250,8,38,37,1,0.973684,60,'W'),(77,236,28,3,23,21,2,0.913043,60,'L'),(78,237,222,5,36,34,2,0.944444,65,'W'),(79,237,6,1,32,30,2,0.9375,65,'SOL'),(81,238,28,3,6,6,0,1,17,'L'),(82,238,85,6,30,29,1,0.966667,60,'W'),(83,239,59,9,35,33,2,0.942857,62,'OTL'),(84,239,123,2,28,27,1,0.964286,62,'W'),(85,240,228,4,33,30,3,0.909091,60,'W'),(86,240,250,8,41,37,4,0.902439,58,'L'),(87,241,85,6,18,14,4,0.777778,40,'L'),(89,241,211,6,2,2,0,1,3,NULL),(91,241,22,2,29,29,0,1,50,'W'),(92,242,228,4,27,27,0,1,60,'W'),(94,242,59,9,0,0,0,NULL,0,'L'),(96,243,228,4,41,39,2,0.951219,54,'W'),(98,243,48,3,0,0,0,NULL,0,'L'),(99,244,222,5,26,24,2,0.923077,60,'W'),(100,244,123,2,21,17,4,0.809524,60,'L'),(101,245,211,6,39,37,2,0.948718,65,'SOL'),(102,245,155,8,28,26,2,0.928571,65,'W'),(103,246,6,1,21,17,4,0.809524,60,'L'),(104,246,59,9,27,24,3,0.888889,60,'W'),(106,247,28,3,0,0,0,NULL,3,'W'),(107,247,123,2,38,35,3,0.921053,63,'OTL'),(110,248,85,6,0,0,0,NULL,0,'L'),(111,248,228,4,31,31,0,1,60,'W'),(112,250,6,1,15,14,1,0.933333,60,'W'),(113,250,155,8,23,21,2,0.913043,58,'L'),(114,249,222,5,25,23,2,0.92,60,'W'),(118,249,64,9,0,0,0,NULL,0,'L'),(119,251,6,1,18,17,1,0.944444,65,'SOL'),(122,251,238,5,3,3,0,1,8,'W'),(123,252,123,2,26,24,2,0.923077,60,'W'),(124,252,250,8,45,39,6,0.866667,60,'L'),(125,253,28,3,26,26,0,1,60,'W'),(127,253,59,9,13,12,1,0.923077,33,'L'),(129,254,28,3,13,12,1,0.923077,57,'W'),(131,254,222,5,26,25,1,0.961538,53,'L'),(132,255,6,1,22,21,1,0.954545,60,'W'),(134,255,211,6,1,1,0,1,0,'L'),(135,256,228,4,26,23,3,0.884615,60,'OTL'),(137,256,22,2,9,9,0,1,18,'W'),(138,257,211,6,24,23,1,0.958333,64,'W'),(139,257,59,9,44,42,2,0.954545,64,'OTL'),(140,258,228,4,32,31,1,0.96875,60,'W'),(141,258,28,3,27,25,2,0.925926,59,'L'),(142,259,155,8,21,20,1,0.952381,65,'SOL'),(143,259,6,1,36,35,1,0.972222,65,'W'),(145,260,282,4,1,0,1,0,3,'OTL'),(146,260,222,5,34,31,3,0.911765,61,'W'),(147,261,155,8,35,31,4,0.885714,60,'W'),(148,261,211,6,33,27,6,0.818182,60,'L'),(150,262,22,2,3,2,1,0.666667,4,'OTL'),(151,262,28,3,24,23,1,0.958333,63,'W'),(152,263,64,9,24,24,0,1,60,'W'),(153,263,85,6,28,23,5,0.821429,60,'L'),(155,264,28,3,16,15,1,0.9375,41,'W'),(158,264,222,5,0,0,0,NULL,0,'L'),(159,265,123,2,27,25,2,0.925926,60,'W'),(161,265,228,4,2,1,1,0.5,2,'L'),(162,266,250,8,31,28,3,0.903226,57,'L'),(163,266,59,9,34,33,1,0.970588,60,'W'),(164,267,28,3,22,22,0,1,60,'W'),(165,267,211,6,31,28,3,0.903226,60,'L'),(166,269,6,1,33,30,3,0.909091,65,'W'),(168,269,228,4,23,21,2,0.913043,35,'SOL'),(169,268,222,5,26,24,2,0.923077,60,'W'),(170,268,155,8,30,26,4,0.866667,60,'L'),(171,270,123,2,32,31,1,0.96875,60,'W'),(174,270,64,9,0,0,0,NULL,0,'L'),(175,271,228,4,6,3,3,0.5,23,'L'),(176,271,282,4,16,15,1,0.9375,32,NULL),(178,271,28,3,10,10,0,1,18,'W'),(179,272,250,8,27,24,3,0.888889,60,'L'),(180,272,211,6,31,29,2,0.935484,60,'W'),(181,273,222,5,23,21,2,0.913043,65,'SOL'),(182,273,6,1,25,23,2,0.92,65,'W'),(184,274,28,3,12,12,0,1,34,'W'),(185,274,22,2,33,29,4,0.878788,60,'L');
/*!40000 ALTER TABLE `goalie_game_stats` ENABLE KEYS */;
UNLOCK TABLES;

--
-- Table structure for table `player_game_stats`
--

DROP TABLE IF EXISTS `player_game_stats`;
/*!40101 SET @saved_cs_client     = @@character_set_client */;
/*!50503 SET character_set_client = utf8mb4 */;
CREATE TABLE `player_game_stats` (
  `id` int NOT NULL AUTO_INCREMENT,
  `game_id` int NOT NULL,
  `player_id` int NOT NULL,
  `team_id` int NOT NULL,
  `goals` int DEFAULT NULL,
  `assists` int DEFAULT NULL,
  `points` int DEFAULT NULL,
  `shots` int DEFAULT NULL,
  `plus_minus` int DEFAULT NULL,
  `pim` int DEFAULT NULL,
  PRIMARY KEY (`id`),
  KEY `game_id` (`game_id`),
  KEY `player_id` (`player_id`),
  KEY `team_id` (`team_id`),
  CONSTRAINT `player_game_stats_ibfk_1` FOREIGN KEY (`game_id`) REFERENCES `games` (`game_id`),
  CONSTRAINT `player_game_stats_ibfk_2` FOREIGN KEY (`player_id`) REFERENCES `players` (`player_id`),
  CONSTRAINT `player_game_stats_ibfk_3` FOREIGN KEY (`team_id`) REFERENCES `teams` (`team_id`)
) ENGINE=InnoDB AUTO_INCREMENT=2496 DEFAULT CHARSET=utf8mb4 COLLATE=utf8mb4_0900_ai_ci;
/*!40101 SET character_set_client = @saved_cs_client */;

--
-- Dumping data for table `player_game_stats`
--

LOCK TABLES `player_game_stats` WRITE;
/*!40000 ALTER TABLE `player_game_stats` DISABLE KEYS */;
INSERT INTO `player_game_stats` VALUES (39,210,24,2,0,0,0,3,0,0),(40,210,236,2,0,0,0,3,0,0),(41,210,167,2,0,0,0,2,0,0),(42,210,191,2,0,0,0,1,0,2),(43,210,102,2,0,0,0,1,0,0),(44,210,162,2,0,0,0,1,0,0),(45,210,23,2,0,1,1,2,0,2),(46,210,25,2,0,0,0,1,0,0),(47,210,195,2,0,0,0,3,0,0),(48,210,188,2,0,0,0,0,0,0),(49,210,90,2,0,0,0,1,0,0),(50,210,269,2,0,0,0,0,0,0),(51,210,20,2,1,0,1,2,0,0),(52,210,21,2,0,0,0,3,0,0),(53,210,104,2,0,0,0,0,0,0),(54,210,190,2,0,0,0,1,0,0),(55,210,247,2,0,0,0,3,0,0),(56,210,189,2,0,1,1,3,0,0),(57,210,263,2,0,0,0,1,0,2),(58,210,132,6,0,0,0,1,0,0),(59,210,68,6,0,0,0,0,0,0),(60,210,116,6,0,0,0,0,0,0),(61,210,63,6,0,0,0,1,0,0),(62,210,317,6,1,0,1,2,0,0),(63,210,74,6,0,0,0,1,0,0),(64,210,56,6,0,1,1,1,0,0),(65,210,44,6,1,0,1,2,0,0),(66,210,65,6,0,0,0,3,0,0),(67,210,313,6,0,0,0,1,0,0),(68,210,244,6,0,0,0,0,0,0),(69,210,66,6,0,0,0,0,0,0),(70,210,100,6,0,2,2,5,0,0),(71,210,316,6,0,0,0,0,0,0),(72,210,73,6,0,1,1,0,0,2),(73,210,76,6,0,0,0,1,0,2),(74,210,26,6,0,0,0,0,0,0),(75,210,86,6,0,0,0,1,0,0),(76,210,200,6,0,0,0,0,0,0),(77,211,310,9,0,0,0,0,0,0),(78,211,209,9,0,0,0,1,0,0),(79,211,301,9,0,0,0,0,0,0),(80,211,180,9,0,0,0,0,0,0),(81,211,198,9,0,1,1,3,0,0),(82,211,161,9,0,1,1,1,0,0),(83,211,227,9,1,0,1,1,0,0),(84,211,11,9,0,0,0,4,0,0),(85,211,75,9,1,0,1,5,0,0),(86,211,50,9,0,0,0,0,0,0),(87,211,114,9,1,1,2,7,0,0),(88,211,129,9,0,0,0,0,0,0),(89,211,118,9,0,0,0,0,0,0),(90,211,192,9,0,1,1,1,0,2),(91,211,252,9,0,0,0,0,0,0),(92,211,89,9,0,0,0,2,0,0),(93,211,169,9,1,1,2,1,0,0),(94,211,306,9,0,0,0,1,0,0),(95,211,115,9,0,0,0,0,0,0),(96,211,62,8,0,0,0,1,0,0),(97,211,196,8,0,0,0,0,0,0),(98,211,203,8,0,1,1,1,0,2),(99,211,142,8,0,0,0,0,0,0),(100,211,36,8,0,0,0,3,0,0),(101,211,237,8,0,0,0,0,0,2),(102,211,2,8,0,1,1,2,0,2),(103,211,138,8,0,0,0,3,0,0),(104,211,91,8,0,0,0,0,0,0),(105,211,181,8,1,0,1,2,0,0),(106,211,99,8,0,0,0,1,0,0),(107,211,13,8,0,1,1,0,0,0),(108,211,208,8,0,0,0,0,0,0),(109,211,34,8,0,1,1,3,0,0),(110,211,295,8,0,0,0,0,0,0),(111,211,49,8,0,0,0,2,0,0),(112,211,210,8,2,0,2,6,0,0),(113,211,224,8,0,1,1,3,0,0),(114,212,71,5,0,0,0,2,0,0),(115,212,242,5,0,0,0,3,0,0),(116,212,219,5,0,0,0,2,0,0),(117,212,101,5,0,0,0,0,0,0),(118,212,38,5,0,0,0,0,0,0),(119,212,88,5,0,0,0,2,0,0),(120,212,57,5,0,0,0,0,0,2),(121,212,220,5,0,0,0,1,0,0),(122,212,58,5,0,0,0,3,0,0),(123,212,217,5,0,0,0,0,0,0),(124,212,241,5,0,0,0,0,0,0),(125,212,53,5,0,0,0,5,0,0),(126,212,286,5,0,0,0,0,0,0),(127,212,72,5,0,0,0,3,0,0),(128,212,108,5,0,0,0,2,0,0),(129,212,240,5,0,0,0,2,0,0),(130,212,223,5,0,0,0,2,0,0),(131,212,221,5,0,0,0,1,0,0),(132,212,206,4,0,2,2,2,0,0),(133,212,147,4,0,0,0,1,0,0),(134,212,229,4,1,0,1,2,0,0),(135,212,205,4,0,0,0,3,0,0),(136,212,87,4,0,0,0,0,0,0),(137,212,207,4,0,0,0,1,0,0),(138,212,9,4,3,0,3,7,0,0),(139,212,285,4,0,3,3,4,0,2),(140,212,40,4,0,0,0,3,0,0),(141,212,230,4,0,0,0,1,0,2),(142,212,277,4,0,0,0,1,0,0),(143,212,249,4,0,0,0,2,0,0),(144,212,280,4,0,0,0,1,0,0),(145,212,47,4,0,0,0,1,0,15),(146,212,204,4,0,0,0,3,0,0),(147,212,30,4,0,0,0,3,0,2),(148,212,60,4,0,0,0,1,0,0),(149,212,45,4,0,0,0,1,0,0),(150,212,245,4,0,0,0,5,0,2),(151,213,12,1,1,0,1,3,0,0),(152,213,182,1,0,0,0,0,0,0),(153,213,246,1,0,0,0,6,0,0),(154,213,18,1,0,1,1,2,0,0),(155,213,15,1,0,1,1,2,0,0),(156,213,97,1,0,0,0,3,0,0),(157,213,255,1,0,0,0,1,0,0),(158,213,17,1,0,0,0,1,0,0),(159,213,259,1,0,0,0,0,0,0),(160,213,1,1,0,0,0,0,0,0),(161,213,212,1,0,0,0,0,0,0),(162,213,243,1,0,0,0,0,0,0),(163,213,183,1,0,0,0,3,0,0),(164,213,149,1,0,0,0,0,0,2),(165,213,16,1,0,1,1,0,0,0),(166,213,232,1,0,0,0,0,0,0),(167,213,185,1,0,0,0,2,0,0),(168,213,46,1,0,0,0,1,0,0),(169,213,78,1,1,1,2,4,0,0),(170,213,32,3,0,0,0,1,0,2),(171,213,84,3,0,0,0,0,0,0),(172,213,42,3,0,0,0,0,0,0),(173,213,39,3,0,0,0,1,0,0),(174,213,61,3,0,0,0,0,0,0),(175,213,199,3,0,0,0,1,0,0),(176,213,128,3,0,0,0,0,0,0),(177,213,98,3,0,0,0,4,0,0),(178,213,5,3,0,0,0,0,0,0),(179,213,83,3,0,0,0,2,0,0),(180,213,4,3,0,0,0,2,0,0),(181,213,157,3,0,0,0,1,0,0),(182,213,31,3,0,0,0,5,0,6),(183,213,51,3,0,0,0,1,0,4),(184,213,202,3,0,0,0,1,0,0),(185,213,253,3,0,0,0,0,0,0),(186,213,272,3,0,0,0,3,0,2),(187,213,79,3,0,0,0,2,0,0),(188,213,274,3,0,0,0,1,0,0),(189,214,32,3,0,2,2,2,0,0),(190,214,84,3,0,1,1,3,0,0),(191,214,42,3,1,2,3,2,0,0),(192,214,39,3,0,1,1,0,0,0),(193,214,61,3,0,0,0,1,0,2),(194,214,199,3,0,0,0,1,0,0),(195,214,128,3,0,0,0,0,0,0),(196,214,98,3,0,0,0,3,0,0),(197,214,5,3,0,0,0,2,0,4),(198,214,83,3,0,1,1,2,0,0),(199,214,4,3,0,0,0,1,0,0),(200,214,157,3,0,0,0,1,0,0),(201,214,31,3,1,1,2,6,0,0),(202,214,51,3,0,0,0,0,0,0),(203,214,202,3,0,0,0,0,0,0),(204,214,253,3,0,0,0,1,0,0),(205,214,272,3,0,0,0,2,0,0),(206,214,79,3,1,0,1,2,0,0),(207,214,274,3,1,0,1,1,0,0),(208,214,206,4,0,0,0,1,0,0),(209,214,147,4,0,0,0,1,0,0),(210,214,229,4,0,0,0,1,0,0),(211,214,205,4,0,0,0,7,0,0),(212,214,87,4,0,0,0,2,0,2),(213,214,207,4,0,0,0,0,0,0),(214,214,9,4,0,0,0,0,0,0),(215,214,285,4,0,0,0,1,0,0),(216,214,40,4,0,0,0,3,0,2),(217,214,230,4,0,0,0,1,0,2),(218,214,277,4,0,0,0,0,0,0),(219,214,249,4,0,0,0,2,0,0),(220,214,280,4,0,0,0,3,0,0),(221,214,47,4,0,0,0,2,0,0),(222,214,204,4,0,0,0,2,0,0),(223,214,30,4,0,0,0,2,0,0),(224,214,60,4,0,0,0,1,0,0),(225,214,45,4,0,0,0,2,0,2),(226,214,245,4,0,0,0,2,0,0),(227,215,71,5,0,0,0,3,0,0),(228,215,242,5,0,2,2,1,0,0),(229,215,219,5,0,1,1,3,0,0),(230,215,289,5,0,0,0,3,0,0),(231,215,101,5,0,0,0,0,0,0),(232,215,38,5,0,0,0,0,0,0),(233,215,88,5,0,0,0,1,0,0),(234,215,57,5,0,2,2,1,0,0),(235,215,220,5,1,0,1,2,0,0),(236,215,58,5,2,2,4,4,0,0),(237,215,217,5,0,0,0,0,0,0),(238,215,241,5,0,0,0,2,0,0),(239,215,53,5,0,0,0,3,0,0),(240,215,286,5,0,0,0,2,0,2),(241,215,72,5,1,2,3,4,0,0),(242,215,240,5,0,0,0,2,0,0),(243,215,223,5,0,0,0,2,0,0),(244,215,221,5,1,0,1,1,0,4),(245,215,239,5,0,0,0,1,0,2),(246,215,310,9,0,0,0,0,0,0),(247,215,209,9,0,0,0,0,0,0),(248,215,301,9,0,0,0,0,0,2),(249,215,180,9,0,0,0,2,0,0),(250,215,198,9,0,0,0,1,0,0),(251,215,161,9,0,0,0,1,0,0),(252,215,227,9,0,0,0,2,0,0),(253,215,11,9,0,0,0,4,0,0),(254,215,50,9,0,0,0,1,0,0),(255,215,114,9,0,0,0,1,0,0),(256,215,129,9,0,0,0,0,0,0),(257,215,118,9,0,0,0,0,0,15),(258,215,192,9,0,0,0,0,0,0),(259,215,252,9,0,1,1,1,0,0),(260,215,89,9,0,0,0,0,0,0),(261,215,169,9,1,0,1,3,0,0),(262,215,248,9,0,0,0,2,0,0),(263,215,306,9,0,0,0,0,0,0),(264,215,115,9,0,1,1,1,0,0),(265,216,196,8,0,0,0,1,0,0),(266,216,203,8,0,0,0,3,0,0),(267,216,142,8,0,0,0,0,0,0),(268,216,36,8,0,0,0,1,0,0),(269,216,237,8,0,0,0,0,0,0),(270,216,2,8,0,0,0,0,0,0),(271,216,138,8,0,0,0,1,0,0),(272,216,91,8,0,0,0,2,0,0),(273,216,181,8,0,0,0,3,0,0),(274,216,99,8,0,0,0,0,0,0),(275,216,13,8,0,0,0,5,0,0),(276,216,294,8,0,0,0,1,0,0),(277,216,34,8,0,0,0,5,0,0),(278,216,208,8,0,0,0,0,0,2),(279,216,295,8,0,0,0,0,0,0),(280,216,49,8,0,0,0,2,0,2),(281,216,210,8,0,0,0,5,0,2),(282,216,224,8,0,0,0,1,0,2),(283,216,24,2,0,0,0,0,0,0),(284,216,236,2,0,0,0,0,0,0),(285,216,167,2,0,0,0,0,0,0),(286,216,191,2,0,0,0,0,0,0),(287,216,102,2,0,0,0,0,0,0),(288,216,162,2,0,0,0,0,0,0),(289,216,23,2,2,0,2,3,0,0),(290,216,25,2,1,0,1,4,0,2),(291,216,195,2,0,1,1,2,0,0),(292,216,264,2,0,0,0,0,0,0),(293,216,188,2,0,0,0,1,0,0),(294,216,90,2,0,0,0,1,0,0),(295,216,20,2,0,1,1,4,0,0),(296,216,21,2,0,0,0,1,0,2),(297,216,104,2,0,0,0,1,0,0),(298,216,190,2,0,0,0,2,0,0),(299,216,247,2,0,1,1,1,0,0),(300,216,189,2,0,2,2,2,0,2),(301,216,263,2,0,0,0,3,0,0),(302,217,206,4,0,0,0,1,0,0),(303,217,147,4,0,0,0,0,0,0),(304,217,229,4,0,0,0,1,0,0),(305,217,205,4,1,0,1,4,0,0),(306,217,283,4,1,0,1,1,0,0),(307,217,207,4,0,1,1,1,0,0),(308,217,9,4,0,0,0,0,0,0),(309,217,285,4,0,0,0,2,0,0),(310,217,40,4,1,1,2,2,0,2),(311,217,230,4,0,1,1,3,0,0),(312,217,277,4,0,0,0,0,0,0),(313,217,249,4,0,2,2,4,0,0),(314,217,280,4,0,1,1,0,0,0),(315,217,47,4,0,1,1,1,0,0),(316,217,204,4,0,0,0,1,0,0),(317,217,30,4,1,0,1,3,0,0),(318,217,60,4,0,1,1,1,0,0),(319,217,45,4,0,0,0,0,0,0),(320,217,245,4,1,0,1,3,0,2),(321,217,310,9,0,0,0,0,0,0),(322,217,209,9,0,0,0,0,0,0),(323,217,301,9,0,0,0,0,0,0),(324,217,180,9,0,0,0,0,0,0),(325,217,198,9,0,0,0,3,0,0),(326,217,161,9,0,0,0,0,0,0),(327,217,227,9,0,0,0,1,0,0),(328,217,11,9,1,0,1,3,0,0),(329,217,50,9,0,0,0,0,0,0),(330,217,114,9,0,0,0,2,0,0),(331,217,129,9,0,0,0,0,0,0),(332,217,118,9,0,0,0,1,0,0),(333,217,192,9,0,0,0,3,0,0),(334,217,252,9,0,1,1,1,0,0),(335,217,89,9,0,1,1,2,0,0),(336,217,169,9,0,0,0,1,0,2),(337,217,248,9,0,0,0,0,0,0),(338,217,306,9,0,0,0,0,0,0),(339,217,115,9,0,0,0,4,0,0),(340,218,68,6,0,0,0,1,0,0),(341,218,116,6,0,0,0,0,0,0),(342,218,317,6,0,0,0,1,0,0),(343,218,74,6,0,0,0,0,0,0),(344,218,67,6,0,0,0,1,0,0),(345,218,56,6,0,1,1,2,0,0),(346,218,315,6,0,0,0,1,0,0),(347,218,44,6,0,0,0,1,0,0),(348,218,65,6,0,1,1,4,0,0),(349,218,313,6,0,0,0,0,0,0),(350,218,244,6,0,0,0,0,0,2),(351,218,66,6,0,0,0,3,0,0),(352,218,100,6,0,0,0,4,0,2),(353,218,316,6,0,0,0,1,0,0),(354,218,73,6,0,0,0,2,0,0),(355,218,76,6,1,0,1,2,0,0),(356,218,26,6,0,0,0,1,0,2),(357,218,86,6,0,0,0,0,0,0),(358,218,200,6,0,0,0,1,0,0),(359,218,52,1,0,0,0,0,0,0),(360,218,12,1,0,1,1,0,0,0),(361,218,182,1,0,0,0,1,0,0),(362,218,246,1,0,0,0,0,0,0),(363,218,18,1,0,0,0,1,0,0),(364,218,15,1,1,0,1,1,0,0),(365,218,256,1,0,0,0,0,0,0),(366,218,255,1,0,0,0,0,0,0),(367,218,17,1,0,0,0,0,0,0),(368,218,259,1,1,0,1,2,0,0),(369,218,1,1,0,1,1,0,0,0),(370,218,212,1,0,0,0,1,0,2),(371,218,243,1,0,0,0,0,0,0),(372,218,183,1,0,0,0,1,0,0),(373,218,149,1,0,1,1,2,0,2),(374,218,16,1,0,1,1,0,0,0),(375,218,232,1,0,0,0,0,0,0),(376,218,185,1,0,0,0,1,0,0),(377,218,78,1,1,0,1,2,0,0),(378,219,71,5,0,0,0,1,0,0),(379,219,242,5,1,0,1,1,0,2),(380,219,219,5,0,0,0,1,0,0),(381,219,289,5,0,0,0,0,0,0),(382,219,101,5,0,0,0,2,0,0),(383,219,38,5,0,0,0,0,0,0),(384,219,88,5,0,0,0,2,0,0),(385,219,57,5,0,1,1,4,0,0),(386,219,220,5,0,0,0,2,0,0),(387,219,58,5,0,1,1,3,0,0),(388,219,241,5,0,0,0,1,0,0),(389,219,53,5,0,0,0,6,0,0),(390,219,286,5,0,0,0,1,0,2),(391,219,72,5,0,0,0,3,0,0),(392,219,108,5,0,0,0,0,0,0),(393,219,240,5,0,0,0,0,0,0),(394,219,223,5,0,0,0,4,0,0),(395,219,221,5,0,0,0,1,0,0),(396,219,239,5,0,0,0,4,0,0),(397,219,24,2,0,1,1,3,0,0),(398,219,236,2,0,0,0,2,0,0),(399,219,167,2,0,0,0,4,0,2),(400,219,191,2,0,0,0,0,0,0),(401,219,102,2,0,0,0,0,0,0),(402,219,23,2,0,2,2,3,0,0),(403,219,25,2,1,0,1,2,0,2),(404,219,195,2,1,0,1,2,0,2),(405,219,264,2,0,0,0,3,0,0),(406,219,188,2,0,0,0,0,0,0),(407,219,90,2,0,0,0,0,0,0),(408,219,269,2,0,0,0,0,0,0),(409,219,20,2,3,0,3,6,0,0),(410,219,21,2,0,0,0,2,0,0),(411,219,104,2,0,1,1,1,0,0),(412,219,190,2,0,0,0,0,0,0),(413,219,247,2,0,0,0,4,0,0),(414,219,189,2,0,2,2,1,0,0),(415,219,263,2,0,0,0,0,0,0),(416,220,52,1,0,0,0,1,0,0),(417,220,12,1,0,0,0,2,0,0),(418,220,182,1,0,1,1,2,0,0),(419,220,246,1,0,0,0,0,0,0),(420,220,18,1,0,0,0,1,0,0),(421,220,15,1,0,0,0,2,0,0),(422,220,97,1,0,0,0,0,0,0),(423,220,255,1,0,0,0,1,0,0),(424,220,17,1,0,1,1,0,0,0),(425,220,259,1,1,0,1,5,0,0),(426,220,1,1,0,0,0,1,0,0),(427,220,212,1,0,0,0,1,0,0),(428,220,243,1,0,0,0,5,0,0),(429,220,183,1,0,0,0,2,0,0),(430,220,149,1,1,0,1,5,0,0),(431,220,16,1,0,0,0,0,0,0),(432,220,232,1,0,0,0,0,0,0),(433,220,185,1,0,0,0,2,0,0),(434,220,78,1,0,0,0,1,0,0),(435,220,310,9,0,0,0,0,0,0),(436,220,209,9,0,0,0,1,0,0),(437,220,301,9,0,0,0,0,0,0),(438,220,180,9,0,0,0,3,0,0),(439,220,198,9,0,0,0,1,0,0),(440,220,161,9,0,0,0,1,0,0),(441,220,227,9,0,0,0,1,0,0),(442,220,11,9,0,0,0,4,0,0),(443,220,50,9,0,0,0,1,0,0),(444,220,114,9,0,0,0,1,0,0),(445,220,129,9,0,0,0,1,0,0),(446,220,118,9,0,0,0,0,0,0),(447,220,192,9,0,0,0,0,0,0),(448,220,252,9,0,0,0,4,0,0),(449,220,89,9,0,0,0,1,0,0),(450,220,169,9,0,0,0,0,0,0),(451,220,248,9,0,0,0,2,0,0),(452,220,306,9,0,0,0,0,0,0),(453,220,115,9,0,0,0,0,0,0),(454,221,196,8,0,0,0,0,0,0),(455,221,203,8,0,0,0,2,0,0),(456,221,142,8,0,0,0,0,0,0),(457,221,36,8,0,0,0,1,0,2),(458,221,237,8,0,0,0,0,0,0),(459,221,2,8,0,0,0,0,0,4),(460,221,138,8,0,0,0,0,0,2),(461,221,91,8,0,0,0,1,0,0),(462,221,181,8,0,2,2,0,0,2),(463,221,99,8,0,0,0,0,0,0),(464,221,13,8,1,1,2,5,0,0),(465,221,294,8,0,0,0,0,0,0),(466,221,34,8,1,0,1,5,0,0),(467,221,208,8,0,0,0,0,0,0),(468,221,295,8,0,0,0,1,0,0),(469,221,49,8,0,0,0,2,0,0),(470,221,210,8,0,1,1,1,0,0),(471,221,224,8,0,0,0,2,0,0),(472,221,206,4,0,0,0,0,0,4),(473,221,147,4,0,0,0,0,0,0),(474,221,229,4,0,0,0,0,0,0),(475,221,205,4,0,0,0,4,0,0),(476,221,283,4,0,0,0,0,0,0),(477,221,207,4,0,1,1,2,0,0),(478,221,9,4,0,0,0,0,0,0),(479,221,285,4,0,0,0,0,0,0),(480,221,40,4,1,0,1,1,0,0),(481,221,230,4,0,0,0,2,0,0),(482,221,277,4,0,0,0,0,0,0),(483,221,249,4,0,0,0,6,0,2),(484,221,280,4,0,0,0,1,0,0),(485,221,47,4,0,0,0,0,0,2),(486,221,204,4,0,0,0,0,0,0),(487,221,30,4,0,0,0,0,0,0),(488,221,60,4,0,1,1,1,0,0),(489,221,45,4,0,0,0,1,0,0),(490,221,245,4,0,0,0,6,0,15),(491,222,68,6,0,0,0,3,0,0),(492,222,63,6,1,1,2,4,0,0),(493,222,317,6,0,0,0,1,0,0),(494,222,74,6,0,1,1,1,0,0),(495,222,67,6,0,0,0,2,0,0),(496,222,56,6,0,0,0,0,0,0),(497,222,315,6,0,0,0,0,0,0),(498,222,44,6,0,0,0,1,0,0),(499,222,65,6,0,0,0,3,0,2),(500,222,313,6,0,0,0,1,0,0),(501,222,244,6,0,0,0,1,0,0),(502,222,66,6,0,0,0,1,0,0),(503,222,100,6,1,0,1,5,0,0),(504,222,316,6,0,0,0,0,0,0),(505,222,73,6,0,1,1,4,0,0),(506,222,76,6,1,0,1,5,0,0),(507,222,26,6,0,1,1,2,0,0),(508,222,86,6,0,0,0,1,0,0),(509,222,200,6,0,1,1,2,0,0),(510,222,71,5,0,0,0,0,0,6),(511,222,242,5,0,0,0,0,0,0),(512,222,219,5,0,0,0,0,0,0),(513,222,101,5,0,0,0,1,0,0),(514,222,38,5,0,0,0,1,0,0),(515,222,88,5,0,0,0,1,0,0),(516,222,57,5,0,0,0,2,0,0),(517,222,220,5,0,0,0,2,0,0),(518,222,58,5,0,0,0,1,0,0),(519,222,217,5,0,0,0,0,0,0),(520,222,241,5,0,0,0,0,0,2),(521,222,53,5,0,0,0,3,0,2),(522,222,286,5,0,0,0,1,0,2),(523,222,72,5,0,0,0,2,0,0),(524,222,108,5,0,1,1,1,0,0),(525,222,240,5,1,0,1,1,0,0),(526,222,223,5,0,0,0,0,0,0),(527,222,221,5,0,0,0,1,0,0),(528,222,239,5,0,1,1,0,0,0),(529,223,310,9,0,0,0,0,0,2),(530,223,209,9,0,0,0,0,0,0),(531,223,301,9,0,0,0,0,0,0),(532,223,180,9,0,0,0,1,0,0),(533,223,198,9,1,1,2,2,0,0),(534,223,161,9,0,1,1,1,0,2),(535,223,227,9,0,1,1,2,0,0),(536,223,11,9,0,2,2,1,0,0),(537,223,50,9,1,0,1,3,0,0),(538,223,114,9,2,0,2,3,0,0),(539,223,129,9,0,0,0,1,0,0),(540,223,118,9,0,0,0,0,0,2),(541,223,192,9,0,0,0,1,0,0),(542,223,252,9,0,0,0,2,0,2),(543,223,89,9,0,0,0,0,0,0),(544,223,169,9,0,1,1,0,0,0),(545,223,248,9,0,0,0,1,0,2),(546,223,306,9,0,0,0,0,0,0),(547,223,115,9,0,1,1,2,0,0),(548,223,206,4,0,0,0,2,0,0),(549,223,147,4,0,0,0,1,0,0),(550,223,229,4,0,0,0,1,0,0),(551,223,205,4,0,0,0,3,0,0),(552,223,87,4,0,0,0,2,0,0),(553,223,207,4,0,0,0,0,0,0),(554,223,9,4,0,0,0,0,0,0),(555,223,285,4,0,0,0,5,0,2),(556,223,40,4,0,0,0,1,0,0),(557,223,230,4,0,0,0,0,0,0),(558,223,277,4,0,0,0,0,0,0),(559,223,249,4,0,0,0,3,0,0),(560,223,280,4,0,0,0,2,0,0),(561,223,47,4,0,0,0,2,0,2),(562,223,204,4,0,0,0,0,0,2),(563,223,30,4,0,0,0,5,0,0),(564,223,60,4,0,0,0,0,0,0),(565,223,45,4,0,0,0,0,0,0),(566,223,245,4,0,0,0,1,0,0),(567,224,32,3,1,0,1,6,0,2),(568,224,84,3,1,0,1,1,0,2),(569,224,42,3,0,0,0,0,0,0),(570,224,39,3,0,0,0,0,0,0),(571,224,61,3,1,0,1,2,0,2),(572,224,199,3,0,0,0,0,0,0),(573,224,128,3,0,0,0,1,0,0),(574,224,98,3,0,0,0,2,0,0),(575,224,5,3,0,0,0,1,0,0),(576,224,83,3,0,1,1,0,0,0),(577,224,4,3,0,0,0,2,0,0),(578,224,157,3,0,0,0,1,0,2),(579,224,31,3,0,1,1,6,0,0),(580,224,51,3,0,0,0,1,0,0),(581,224,202,3,0,0,0,0,0,0),(582,224,253,3,0,0,0,2,0,0),(583,224,272,3,0,1,1,0,0,0),(584,224,79,3,0,1,1,0,0,0),(585,224,274,3,0,1,1,5,0,0),(586,224,68,6,0,0,0,3,0,0),(587,224,116,6,0,0,0,0,0,0),(588,224,63,6,0,0,0,5,0,0),(589,224,317,6,0,0,0,0,0,0),(590,224,74,6,0,0,0,1,0,0),(591,224,67,6,0,1,1,1,0,0),(592,224,56,6,0,0,0,1,0,2),(593,224,44,6,0,0,0,1,0,2),(594,224,65,6,0,0,0,4,0,0),(595,224,313,6,0,0,0,2,0,2),(596,224,244,6,1,0,1,1,0,0),(597,224,66,6,0,0,0,0,0,0),(598,224,100,6,0,0,0,1,0,0),(599,224,316,6,0,0,0,0,0,0),(600,224,73,6,0,0,0,1,0,0),(601,224,76,6,0,0,0,0,0,0),(602,224,26,6,0,0,0,0,0,0),(603,224,86,6,0,0,0,0,0,0),(604,224,200,6,0,0,0,1,0,0),(605,225,52,1,0,0,0,1,0,0),(606,225,12,1,1,1,2,4,0,0),(607,225,182,1,0,0,0,0,0,0),(608,225,246,1,0,2,2,5,0,0),(609,225,18,1,0,1,1,1,0,0),(610,225,15,1,0,1,1,0,0,0),(611,225,97,1,0,0,0,1,0,0),(612,225,255,1,0,0,0,1,0,0),(613,225,17,1,1,0,1,2,0,0),(614,225,259,1,1,0,1,1,0,0),(615,225,1,1,0,0,0,2,0,0),(616,225,212,1,0,0,0,0,0,0),(617,225,243,1,0,0,0,6,0,0),(618,225,183,1,1,0,1,4,0,0),(619,225,149,1,0,0,0,4,0,0),(620,225,16,1,0,1,1,3,0,0),(621,225,232,1,0,0,0,0,0,0),(622,225,185,1,0,0,0,0,0,0),(623,225,78,1,0,0,0,0,0,0),(624,225,24,2,0,0,0,0,0,0),(625,225,236,2,0,0,0,1,0,0),(626,225,167,2,0,0,0,2,0,0),(627,225,191,2,0,0,0,0,0,0),(628,225,102,2,0,1,1,0,0,0),(629,225,23,2,0,0,0,3,0,0),(630,225,25,2,0,0,0,3,0,0),(631,225,195,2,0,0,0,0,0,0),(632,225,264,2,0,0,0,2,0,0),(633,225,188,2,0,0,0,1,0,0),(634,225,90,2,0,0,0,0,0,0),(635,225,269,2,0,0,0,0,0,0),(636,225,20,2,0,0,0,2,0,0),(637,225,21,2,0,0,0,2,0,0),(638,225,104,2,0,0,0,1,0,0),(639,225,190,2,1,0,1,1,0,0),(640,225,247,2,0,0,0,1,0,0),(641,225,189,2,0,0,0,7,0,0),(642,225,263,2,0,1,1,1,0,0),(643,226,310,9,0,0,0,0,0,0),(644,226,209,9,0,0,0,0,0,0),(645,226,301,9,1,0,1,3,0,0),(646,226,180,9,0,0,0,2,0,0),(647,226,198,9,1,0,1,3,0,0),(648,226,161,9,0,0,0,3,0,0),(649,226,227,9,0,0,0,1,0,0),(650,226,11,9,0,0,0,0,0,0),(651,226,50,9,0,0,0,1,0,0),(652,226,114,9,0,0,0,7,0,0),(653,226,129,9,0,0,0,0,0,0),(654,226,118,9,0,0,0,0,0,0),(655,226,192,9,0,0,0,0,0,0),(656,226,252,9,0,0,0,0,0,0),(657,226,89,9,0,1,1,2,0,0),(658,226,169,9,0,1,1,3,0,0),(659,226,248,9,0,0,0,1,0,0),(660,226,306,9,0,0,0,2,0,0),(661,226,115,9,0,0,0,1,0,0),(662,226,71,5,0,0,0,1,0,0),(663,226,242,5,0,0,0,1,0,0),(664,226,219,5,0,0,0,2,0,0),(665,226,289,5,0,0,0,0,0,0),(666,226,101,5,0,0,0,1,0,0),(667,226,38,5,0,0,0,0,0,0),(668,226,88,5,0,0,0,1,0,0),(669,226,220,5,0,1,1,0,0,0),(670,226,58,5,0,0,0,5,0,0),(671,226,217,5,0,0,0,1,0,0),(672,226,241,5,0,0,0,3,0,0),(673,226,53,5,0,0,0,7,0,0),(674,226,286,5,0,1,1,2,0,0),(675,226,72,5,0,0,0,4,0,0),(676,226,108,5,0,0,0,0,0,0),(677,226,240,5,0,0,0,4,0,0),(678,226,223,5,0,0,0,1,0,0),(679,226,221,5,0,0,0,0,0,0),(680,226,239,5,1,0,1,1,0,0),(681,227,68,6,0,0,0,6,0,0),(682,227,116,6,0,0,0,0,0,2),(683,227,63,6,0,0,0,6,0,0),(684,227,317,6,0,0,0,0,0,0),(685,227,74,6,0,0,0,1,0,0),(686,227,67,6,0,0,0,1,0,2),(687,227,56,6,0,0,0,3,0,0),(688,227,44,6,0,0,0,3,0,0),(689,227,65,6,0,0,0,3,0,0),(690,227,313,6,0,0,0,2,0,0),(691,227,244,6,0,0,0,0,0,2),(692,227,66,6,0,0,0,1,0,0),(693,227,100,6,0,0,0,3,0,0),(694,227,316,6,0,1,1,0,0,0),(695,227,73,6,0,0,0,2,0,4),(696,227,76,6,0,0,0,2,0,0),(697,227,26,6,0,0,0,1,0,0),(698,227,86,6,0,1,1,0,0,0),(699,227,200,6,1,0,1,2,0,0),(700,227,273,3,1,0,1,1,0,0),(701,227,32,3,0,0,0,7,0,0),(702,227,84,3,0,1,1,3,0,0),(703,227,42,3,0,0,0,2,0,0),(704,227,39,3,0,0,0,2,0,0),(705,227,61,3,0,0,0,3,0,0),(706,227,199,3,0,0,0,1,0,0),(707,227,128,3,0,1,1,1,0,0),(708,227,98,3,0,0,0,2,0,0),(709,227,5,3,0,0,0,0,0,0),(710,227,83,3,0,0,0,2,0,0),(711,227,4,3,0,0,0,2,0,0),(712,227,31,3,0,0,0,0,0,0),(713,227,51,3,0,0,0,1,0,0),(714,227,202,3,0,0,0,0,0,0),(715,227,253,3,0,0,0,3,0,0),(716,227,272,3,0,0,0,0,0,0),(717,227,79,3,0,0,0,0,0,0),(718,227,274,3,0,0,0,1,0,0),(719,228,206,4,0,0,0,1,0,2),(720,228,147,4,0,0,0,0,0,0),(721,228,229,4,0,0,0,3,0,0),(722,228,205,4,0,0,0,2,0,0),(723,228,87,4,0,0,0,2,0,0),(724,228,207,4,0,0,0,1,0,0),(725,228,9,4,0,0,0,1,0,0),(726,228,285,4,0,0,0,3,0,0),(727,228,40,4,0,0,0,2,0,0),(728,228,230,4,0,0,0,0,0,4),(729,228,277,4,0,0,0,1,0,0),(730,228,249,4,0,0,0,2,0,0),(731,228,280,4,0,0,0,4,0,0),(732,228,47,4,0,0,0,1,0,0),(733,228,204,4,0,0,0,1,0,0),(734,228,30,4,0,0,0,3,0,0),(735,228,60,4,0,0,0,1,0,0),(736,228,45,4,0,0,0,0,0,0),(737,228,245,4,0,0,0,5,0,0),(738,228,52,1,0,0,0,1,0,0),(739,228,12,1,0,1,1,0,0,0),(740,228,182,1,0,0,0,0,0,0),(741,228,246,1,0,1,1,2,0,0),(742,228,18,1,0,0,0,0,0,2),(743,228,15,1,0,0,0,3,0,0),(744,228,97,1,1,0,1,2,0,0),(745,228,255,1,0,0,0,1,0,2),(746,228,17,1,0,0,0,0,0,0),(747,228,259,1,0,0,0,0,0,0),(748,228,1,1,0,0,0,0,0,0),(749,228,212,1,0,0,0,0,0,0),(750,228,243,1,1,0,1,3,0,2),(751,228,183,1,0,0,0,1,0,0),(752,228,149,1,0,0,0,3,0,2),(753,228,16,1,0,1,1,1,0,2),(754,228,232,1,0,0,0,1,0,0),(755,228,185,1,0,0,0,2,0,0),(756,228,78,1,0,0,0,1,0,0),(757,229,62,8,0,0,0,0,0,2),(758,229,196,8,0,0,0,3,0,2),(759,229,203,8,0,0,0,1,0,2),(760,229,291,8,0,0,0,1,0,0),(761,229,36,8,0,0,0,3,0,0),(762,229,237,8,0,0,0,0,0,0),(763,229,2,8,0,0,0,0,0,0),(764,229,138,8,0,0,0,1,0,0),(765,229,91,8,0,0,0,1,0,0),(766,229,181,8,1,2,3,3,0,0),(767,229,99,8,0,0,0,0,0,0),(768,229,13,8,0,2,2,0,0,2),(769,229,294,8,0,0,0,0,0,0),(770,229,34,8,2,1,3,3,0,0),(771,229,208,8,0,1,1,0,0,0),(772,229,295,8,0,0,0,2,0,0),(773,229,49,8,0,0,0,0,0,0),(774,229,210,8,1,1,2,4,0,0),(775,229,224,8,0,0,0,2,0,0),(776,229,71,5,0,0,0,1,0,2),(777,229,242,5,0,1,1,1,0,2),(778,229,219,5,0,0,0,0,0,0),(779,229,289,5,0,0,0,0,0,0),(780,229,101,5,0,0,0,1,0,0),(781,229,38,5,0,0,0,0,0,0),(782,229,88,5,0,0,0,2,0,2),(783,229,220,5,0,0,0,1,0,2),(784,229,58,5,0,0,0,4,0,0),(785,229,217,5,0,0,0,1,0,0),(786,229,241,5,0,0,0,3,0,0),(787,229,53,5,0,0,0,2,0,0),(788,229,286,5,0,0,0,0,0,0),(789,229,72,5,1,0,1,2,0,0),(790,229,108,5,0,0,0,0,0,0),(791,229,240,5,0,0,0,1,0,0),(792,229,223,5,0,0,0,4,0,0),(793,229,221,5,0,0,0,1,0,0),(794,229,239,5,0,0,0,1,0,0),(795,230,24,2,0,1,1,1,0,0),(796,230,236,2,0,2,2,2,0,0),(797,230,167,2,0,0,0,2,0,0),(798,230,191,2,1,0,1,3,0,0),(799,230,102,2,0,0,0,1,0,0),(800,230,23,2,1,0,1,1,0,0),(801,230,25,2,0,0,0,3,0,0),(802,230,195,2,1,0,1,3,0,2),(803,230,264,2,0,0,0,1,0,0),(804,230,188,2,0,1,1,1,0,0),(805,230,90,2,0,1,1,0,0,0),(806,230,269,2,0,0,0,0,0,0),(807,230,20,2,1,0,1,4,0,0),(808,230,21,2,0,2,2,2,0,0),(809,230,104,2,0,1,1,3,0,0),(810,230,190,2,0,0,0,1,0,0),(811,230,247,2,0,0,0,1,0,0),(812,230,189,2,1,1,2,1,0,2),(813,230,263,2,0,0,0,0,0,2),(814,230,52,1,0,0,0,2,0,2),(815,230,12,1,0,1,1,2,0,0),(816,230,182,1,0,0,0,1,0,0),(817,230,246,1,0,1,1,2,0,0),(818,230,18,1,0,0,0,0,0,0),(819,230,15,1,0,0,0,6,0,0),(820,230,97,1,0,0,0,1,0,0),(821,230,256,1,1,1,2,1,0,0),(822,230,255,1,1,0,1,3,0,0),(823,230,17,1,0,0,0,0,0,0),(824,230,259,1,0,0,0,1,0,0),(825,230,1,1,0,0,0,1,0,0),(826,230,212,1,0,0,0,0,0,0),(827,230,243,1,0,0,0,4,0,0),(828,230,183,1,0,1,1,2,0,0),(829,230,149,1,0,0,0,1,0,0),(830,230,16,1,0,0,0,0,0,0),(831,230,185,1,0,0,0,0,0,0),(832,230,78,1,0,0,0,2,0,0),(833,231,310,9,0,0,0,1,0,0),(834,231,209,9,0,0,0,2,0,2),(835,231,301,9,0,0,0,0,0,0),(836,231,180,9,0,0,0,0,0,0),(837,231,198,9,0,0,0,1,0,0),(838,231,161,9,0,2,2,4,0,0),(839,231,227,9,0,0,0,1,0,0),(840,231,11,9,1,0,1,3,0,0),(841,231,50,9,0,0,0,2,0,0),(842,231,114,9,0,0,0,3,0,0),(843,231,129,9,0,0,0,2,0,0),(844,231,118,9,0,0,0,0,0,0),(845,231,192,9,0,0,0,1,0,0),(846,231,252,9,0,0,0,3,0,0),(847,231,89,9,0,0,0,1,0,0),(848,231,169,9,0,1,1,1,0,0),(849,231,248,9,0,0,0,1,0,0),(850,231,306,9,0,0,0,0,0,0),(851,231,115,9,1,0,1,3,0,0),(852,231,273,3,0,0,0,0,0,2),(853,231,32,3,0,0,0,4,0,0),(854,231,84,3,0,0,0,0,0,0),(855,231,42,3,0,1,1,1,0,0),(856,231,39,3,0,0,0,0,0,0),(857,231,61,3,0,1,1,2,0,0),(858,231,199,3,1,1,2,1,0,0),(859,231,128,3,0,0,0,0,0,0),(860,231,98,3,0,0,0,6,0,0),(861,231,5,3,0,1,1,3,0,0),(862,231,83,3,0,0,0,0,0,0),(863,231,4,3,1,0,1,3,0,0),(864,231,31,3,1,0,1,3,0,0),(865,231,51,3,0,0,0,1,0,0),(866,231,202,3,0,0,0,0,0,0),(867,231,253,3,0,0,0,1,0,0),(868,231,272,3,0,0,0,2,0,0),(869,231,79,3,0,0,0,2,0,0),(870,231,274,3,1,0,1,1,0,0),(871,232,206,4,0,0,0,1,0,0),(872,232,147,4,0,0,0,0,0,0),(873,232,229,4,0,1,1,0,0,0),(874,232,205,4,0,1,1,4,0,0),(875,232,87,4,0,0,0,1,0,0),(876,232,207,4,0,0,0,2,0,0),(877,232,9,4,1,0,1,9,0,0),(878,232,285,4,0,1,1,3,0,0),(879,232,40,4,0,0,0,3,0,0),(880,232,230,4,0,0,0,3,0,0),(881,232,277,4,0,0,0,0,0,0),(882,232,249,4,0,1,1,2,0,0),(883,232,280,4,0,1,1,2,0,0),(884,232,47,4,0,0,0,2,0,0),(885,232,204,4,0,0,0,1,0,2),(886,232,30,4,0,0,0,1,0,0),(887,232,60,4,0,0,0,1,0,2),(888,232,45,4,0,0,0,0,0,0),(889,232,245,4,2,0,2,5,0,0),(890,232,132,6,0,0,0,2,0,0),(891,232,68,6,0,0,0,2,0,0),(892,232,116,6,0,0,0,0,0,0),(893,232,63,6,0,1,1,2,0,0),(894,232,317,6,0,0,0,1,0,0),(895,232,74,6,0,1,1,1,0,0),(896,232,56,6,0,0,0,1,0,2),(897,232,44,6,0,0,0,0,0,2),(898,232,65,6,2,1,3,2,0,0),(899,232,313,6,0,0,0,2,0,0),(900,232,244,6,0,0,0,2,0,4),(901,232,66,6,0,1,1,3,0,0),(902,232,100,6,0,0,0,2,0,0),(903,232,316,6,0,0,0,0,0,0),(904,232,73,6,1,0,1,3,0,2),(905,232,76,6,1,0,1,3,0,0),(906,232,26,6,0,1,1,0,0,0),(907,232,86,6,0,0,0,0,0,0),(908,232,200,6,0,0,0,1,0,0),(909,233,24,2,0,0,0,2,0,0),(910,233,236,2,0,1,1,3,0,0),(911,233,167,2,0,0,0,1,0,0),(912,233,191,2,0,0,0,6,0,0),(913,233,102,2,0,0,0,0,0,0),(914,233,23,2,0,2,2,3,0,0),(915,233,25,2,0,0,0,4,0,0),(916,233,195,2,0,0,0,3,0,2),(917,233,264,2,0,0,0,0,0,0),(918,233,188,2,1,1,2,3,0,0),(919,233,90,2,0,0,0,0,0,0),(920,233,269,2,0,0,0,2,0,0),(921,233,20,2,0,0,0,5,0,0),(922,233,21,2,0,0,0,1,0,2),(923,233,104,2,0,0,0,4,0,0),(924,233,190,2,0,0,0,3,0,0),(925,233,247,2,0,0,0,2,0,0),(926,233,189,2,1,0,1,1,0,2),(927,233,263,2,0,0,0,0,0,0),(928,233,71,5,0,1,1,0,0,2),(929,233,242,5,0,1,1,1,0,0),(930,233,219,5,0,0,0,2,0,0),(931,233,101,5,0,0,0,1,0,0),(932,233,38,5,0,0,0,0,0,2),(933,233,296,5,0,0,0,0,0,0),(934,233,88,5,0,1,1,1,0,0),(935,233,57,5,0,0,0,1,0,0),(936,233,220,5,0,0,0,3,0,4),(937,233,58,5,1,0,1,4,0,2),(938,233,217,5,0,0,0,0,0,0),(939,233,241,5,1,0,1,2,0,0),(940,233,53,5,0,0,0,1,0,0),(941,233,286,5,0,1,1,3,0,0),(942,233,72,5,0,1,1,2,0,0),(943,233,108,5,0,0,0,0,0,0),(944,233,223,5,1,0,1,3,0,0),(945,233,221,5,0,0,0,1,0,0),(946,233,239,5,0,0,0,0,0,0),(947,234,62,8,0,1,1,1,0,0),(948,234,196,8,0,0,0,2,0,0),(949,234,203,8,0,0,0,3,0,0),(950,234,142,8,0,0,0,1,0,0),(951,234,36,8,1,0,1,3,0,0),(952,234,237,8,0,0,0,0,0,0),(953,234,2,8,0,0,0,1,0,0),(954,234,138,8,0,1,1,1,0,0),(955,234,91,8,0,0,0,0,0,0),(956,234,181,8,0,0,0,5,0,0),(957,234,99,8,0,0,0,0,0,0),(958,234,13,8,0,0,0,1,0,2),(959,234,34,8,0,0,0,4,0,0),(960,234,208,8,0,0,0,0,0,0),(961,234,295,8,0,0,0,0,0,0),(962,234,49,8,0,0,0,1,0,0),(963,234,210,8,0,0,0,3,0,2),(964,234,224,8,0,0,0,1,0,0),(965,234,52,1,0,0,0,1,0,0),(966,234,12,1,1,0,1,4,0,0),(967,234,182,1,0,0,0,1,0,2),(968,234,246,1,0,0,0,0,0,0),(969,234,18,1,0,0,0,1,0,0),(970,234,15,1,0,2,2,2,0,0),(971,234,97,1,0,1,1,0,0,0),(972,234,256,1,0,0,0,6,0,0),(973,234,255,1,1,0,1,1,0,0),(974,234,17,1,0,0,0,1,0,0),(975,234,1,1,0,0,0,0,0,0),(976,234,212,1,0,0,0,3,0,2),(977,234,243,1,0,0,0,3,0,0),(978,234,183,1,0,0,0,2,0,0),(979,234,149,1,0,1,1,7,0,0),(980,234,16,1,0,0,0,4,0,0),(981,234,232,1,0,0,0,1,0,0),(982,234,185,1,1,0,1,1,0,0),(983,234,78,1,0,1,1,0,0,0),(984,235,132,6,0,0,0,0,0,0),(985,235,68,6,0,1,1,1,0,0),(986,235,116,6,0,0,0,0,0,0),(987,235,63,6,1,0,1,4,0,0),(988,235,317,6,0,0,0,2,0,0),(989,235,74,6,0,0,0,0,0,0),(990,235,56,6,0,0,0,2,0,0),(991,235,44,6,1,0,1,1,0,0),(992,235,65,6,0,0,0,5,0,2),(993,235,313,6,0,0,0,3,0,0),(994,235,244,6,0,0,0,3,0,2),(995,235,66,6,1,0,1,4,0,0),(996,235,100,6,0,1,1,6,0,0),(997,235,316,6,0,0,0,0,0,2),(998,235,73,6,0,1,1,3,0,0),(999,235,76,6,0,0,0,2,0,0),(1000,235,26,6,0,0,0,1,0,0),(1001,235,86,6,0,0,0,0,0,2),(1002,235,200,6,0,1,1,0,0,0),(1003,235,71,5,0,0,0,2,0,0),(1004,235,242,5,0,1,1,3,0,0),(1005,235,219,5,0,0,0,1,0,2),(1006,235,101,5,0,0,0,0,0,0),(1007,235,38,5,1,0,1,2,0,0),(1008,235,296,5,0,0,0,0,0,0),(1009,235,88,5,0,0,0,1,0,0),(1010,235,57,5,1,0,1,3,0,2),(1011,235,220,5,0,0,0,1,0,0),(1012,235,58,5,0,2,2,3,0,0),(1013,235,217,5,0,0,0,2,0,0),(1014,235,241,5,0,0,0,6,0,0),(1015,235,53,5,0,0,0,1,0,0),(1016,235,286,5,0,0,0,3,0,0),(1017,235,72,5,2,0,2,5,0,0),(1018,235,108,5,0,0,0,0,0,0),(1019,235,223,5,0,0,0,3,0,0),(1020,235,221,5,0,0,0,0,0,0),(1021,235,239,5,0,0,0,1,0,0),(1022,236,62,8,0,0,0,0,0,2),(1023,236,196,8,0,0,0,2,0,0),(1024,236,203,8,0,1,1,2,0,0),(1025,236,291,8,0,0,0,0,0,0),(1026,236,142,8,0,0,0,0,0,0),(1027,236,36,8,0,1,1,1,0,0),(1028,236,2,8,0,0,0,0,0,0),(1029,236,138,8,0,0,0,0,0,0),(1030,236,91,8,0,0,0,2,0,0),(1031,236,181,8,0,0,0,1,0,0),(1032,236,99,8,0,0,0,2,0,0),(1033,236,13,8,0,1,1,2,0,0),(1034,236,34,8,1,0,1,3,0,0),(1035,236,208,8,0,0,0,1,0,4),(1036,236,295,8,0,0,0,1,0,0),(1037,236,49,8,0,0,0,1,0,0),(1038,236,210,8,1,1,2,4,0,0),(1039,236,224,8,0,0,0,1,0,2),(1040,236,273,3,0,0,0,0,0,2),(1041,236,32,3,0,1,1,6,0,2),(1042,236,84,3,0,0,0,4,0,0),(1043,236,42,3,1,0,1,3,0,2),(1044,236,39,3,0,0,0,2,0,0),(1045,236,61,3,0,0,0,1,0,0),(1046,236,199,3,0,0,0,0,0,0),(1047,236,128,3,0,0,0,0,0,0),(1048,236,98,3,0,0,0,5,0,0),(1049,236,5,3,0,0,0,0,0,0),(1050,236,83,3,0,0,0,3,0,0),(1051,236,4,3,0,0,0,5,0,0),(1052,236,31,3,0,1,1,4,0,0),(1053,236,51,3,0,0,0,1,0,0),(1054,236,202,3,0,0,0,0,0,0),(1055,236,253,3,0,0,0,1,0,0),(1056,236,272,3,0,0,0,1,0,0),(1057,236,79,3,0,0,0,0,0,0),(1058,236,274,3,0,0,0,2,0,0),(1059,237,71,5,0,0,0,1,0,2),(1060,237,242,5,0,0,0,2,0,2),(1061,237,219,5,1,0,1,2,0,0),(1062,237,289,5,0,0,0,1,0,0),(1063,237,101,5,0,0,0,2,0,0),(1064,237,38,5,0,0,0,0,0,0),(1065,237,88,5,0,0,0,1,0,0),(1066,237,57,5,0,2,2,0,0,2),(1067,237,220,5,0,0,0,1,0,0),(1068,237,58,5,0,0,0,4,0,0),(1069,237,217,5,0,0,0,0,0,0),(1070,237,241,5,0,0,0,5,0,0),(1071,237,53,5,0,0,0,3,0,0),(1072,237,286,5,0,0,0,3,0,0),(1073,237,72,5,0,0,0,2,0,0),(1074,237,240,5,1,1,2,1,0,0),(1075,237,223,5,0,1,1,1,0,0),(1076,237,221,5,0,0,0,3,0,0),(1077,237,239,5,0,0,0,0,0,0),(1078,237,52,1,0,0,0,2,0,0),(1079,237,12,1,0,1,1,3,0,0),(1080,237,182,1,0,0,0,0,0,0),(1081,237,246,1,1,0,1,9,0,0),(1082,237,18,1,0,0,0,2,0,0),(1083,237,15,1,0,0,0,1,0,0),(1084,237,97,1,0,0,0,0,0,0),(1085,237,256,1,1,0,1,3,0,2),(1086,237,255,1,0,0,0,1,0,0),(1087,237,17,1,0,0,0,3,0,0),(1088,237,259,1,0,0,0,1,0,0),(1089,237,1,1,0,0,0,3,0,0),(1090,237,212,1,0,0,0,0,0,2),(1091,237,243,1,0,1,1,4,0,2),(1092,237,183,1,0,0,0,0,0,0),(1093,237,149,1,0,0,0,0,0,0),(1094,237,16,1,0,0,0,0,0,0),(1095,237,232,1,0,0,0,0,0,0),(1096,237,78,1,0,1,1,4,0,0),(1097,238,273,3,0,0,0,0,0,0),(1098,238,32,3,0,0,0,2,0,0),(1099,238,84,3,0,0,0,3,0,0),(1100,238,42,3,1,0,1,5,0,0),(1101,238,39,3,0,0,0,0,0,2),(1102,238,61,3,0,0,0,1,0,0),(1103,238,199,3,0,0,0,0,0,0),(1104,238,128,3,0,1,1,2,0,0),(1105,238,98,3,0,0,0,2,0,0),(1106,238,5,3,0,0,0,3,0,0),(1107,238,83,3,0,0,0,2,0,0),(1108,238,4,3,0,0,0,1,0,0),(1109,238,157,3,0,0,0,1,0,0),(1110,238,31,3,0,1,1,2,0,0),(1111,238,51,3,0,0,0,1,0,2),(1112,238,253,3,0,0,0,1,0,0),(1113,238,272,3,0,0,0,1,0,0),(1114,238,79,3,0,0,0,1,0,2),(1115,238,274,3,0,0,0,2,0,0),(1116,238,132,6,0,0,0,0,0,0),(1117,238,68,6,0,0,0,0,0,0),(1118,238,116,6,0,0,0,1,0,2),(1119,238,63,6,1,0,1,6,0,0),(1120,238,311,6,0,0,0,0,0,0),(1121,238,317,6,0,1,1,1,0,0),(1122,238,56,6,0,0,0,1,0,0),(1123,238,44,6,0,0,0,2,0,0),(1124,238,65,6,1,0,1,4,0,2),(1125,238,313,6,0,0,0,1,0,2),(1126,238,244,6,0,0,0,1,0,0),(1127,238,66,6,0,0,0,1,0,0),(1128,238,100,6,0,0,0,2,0,0),(1129,238,316,6,0,0,0,0,0,0),(1130,238,73,6,0,0,0,0,0,0),(1131,238,76,6,0,2,2,2,0,2),(1132,238,26,6,0,0,0,3,0,0),(1133,238,86,6,0,0,0,0,0,0),(1134,238,200,6,0,1,1,0,0,0),(1135,239,310,9,0,0,0,0,0,2),(1136,239,209,9,1,0,1,2,0,0),(1137,239,301,9,0,0,0,1,0,0),(1138,239,180,9,0,0,0,1,0,0),(1139,239,198,9,0,0,0,2,0,0),(1140,239,161,9,0,0,0,1,0,0),(1141,239,227,9,0,0,0,0,0,4),(1142,239,11,9,0,0,0,3,0,0),(1143,239,50,9,0,1,1,1,0,0),(1144,239,114,9,0,0,0,4,0,0),(1145,239,129,9,0,0,0,0,0,0),(1146,239,118,9,0,0,0,1,0,0),(1147,239,192,9,0,0,0,1,0,2),(1148,239,252,9,0,0,0,2,0,0),(1149,239,89,9,0,0,0,5,0,0),(1150,239,169,9,0,0,0,2,0,2),(1151,239,248,9,0,0,0,0,0,0),(1152,239,306,9,0,1,1,1,0,0),(1153,239,115,9,0,0,0,1,0,0),(1154,239,24,2,0,0,0,2,0,0),(1155,239,236,2,0,1,1,1,0,0),(1156,239,167,2,0,1,1,0,0,0),(1157,239,191,2,0,0,0,2,0,2),(1158,239,102,2,0,0,0,0,0,0),(1159,239,23,2,0,0,0,2,0,0),(1160,239,25,2,0,0,0,5,0,0),(1161,239,195,2,0,0,0,6,0,0),(1162,239,264,2,0,0,0,1,0,0),(1163,239,188,2,0,1,1,3,0,0),(1164,239,90,2,0,0,0,1,0,2),(1165,239,269,2,0,0,0,0,0,0),(1166,239,20,2,0,0,0,1,0,0),(1167,239,21,2,1,0,1,4,0,0),(1168,239,104,2,0,0,0,1,0,0),(1169,239,190,2,0,0,0,1,0,2),(1170,239,247,2,1,0,1,2,0,0),(1171,239,189,2,0,1,1,2,0,0),(1172,239,263,2,0,0,0,1,0,0),(1173,240,206,4,0,1,1,1,0,0),(1174,240,147,4,0,0,0,2,0,0),(1175,240,229,4,0,0,0,4,0,2),(1176,240,205,4,0,1,1,4,0,0),(1177,240,87,4,0,3,3,4,0,0),(1178,240,207,4,0,0,0,0,0,0),(1179,240,9,4,0,1,1,2,0,0),(1180,240,285,4,1,0,1,3,0,4),(1181,240,40,4,0,1,1,0,0,0),(1182,240,230,4,0,0,0,0,0,0),(1183,240,277,4,0,0,0,0,0,0),(1184,240,249,4,0,0,0,4,0,0),(1185,240,280,4,3,0,3,4,0,0),(1186,240,47,4,0,0,0,2,0,0),(1187,240,204,4,0,0,0,0,0,0),(1188,240,30,4,0,1,1,6,0,0),(1189,240,60,4,0,0,0,0,0,2),(1190,240,45,4,0,0,0,1,0,0),(1191,240,245,4,0,0,0,4,0,0),(1192,240,62,8,0,0,0,0,0,15),(1193,240,196,8,0,0,0,5,0,0),(1194,240,203,8,0,0,0,3,0,2),(1195,240,291,8,0,0,0,0,0,0),(1196,240,142,8,0,1,1,1,0,0),(1197,240,36,8,0,0,0,0,0,2),(1198,240,2,8,0,0,0,1,0,0),(1199,240,138,8,1,1,2,3,0,0),(1200,240,91,8,0,0,0,0,0,0),(1201,240,181,8,0,0,0,1,0,0),(1202,240,99,8,0,0,0,0,0,0),(1203,240,13,8,0,1,1,4,0,0),(1204,240,294,8,0,1,1,0,0,0),(1205,240,34,8,0,0,0,4,0,2),(1206,240,208,8,0,1,1,3,0,0),(1207,240,295,8,0,0,0,1,0,0),(1208,240,49,8,1,0,1,1,0,0),(1209,240,210,8,0,0,0,5,0,0),(1210,240,224,8,1,0,1,1,0,2),(1211,241,132,6,0,0,0,2,0,0),(1212,241,68,6,0,0,0,1,0,0),(1213,241,63,6,1,0,1,5,0,0),(1214,241,311,6,0,0,0,0,0,0),(1215,241,317,6,0,0,0,1,0,0),(1216,241,67,6,0,1,1,2,0,0),(1217,241,56,6,0,0,0,3,0,0),(1218,241,44,6,0,1,1,2,0,2),(1219,241,65,6,0,0,0,2,0,0),(1220,241,313,6,0,0,0,2,0,0),(1221,241,244,6,0,0,0,1,0,0),(1222,241,66,6,0,0,0,3,0,2),(1223,241,100,6,0,0,0,3,0,0),(1224,241,316,6,0,0,0,1,0,2),(1225,241,73,6,0,0,0,1,0,0),(1226,241,76,6,0,0,0,1,0,0),(1227,241,26,6,0,0,0,1,0,0),(1228,241,86,6,0,0,0,1,0,0),(1229,241,200,6,0,0,0,0,0,0),(1230,241,24,2,0,0,0,2,0,0),(1231,241,236,2,0,1,1,1,0,0),(1232,241,167,2,0,1,1,0,0,0),(1233,241,191,2,1,0,1,1,0,0),(1234,241,102,2,0,0,0,0,0,0),(1235,241,23,2,0,0,0,1,0,0),(1236,241,25,2,1,0,1,1,0,0),(1237,241,195,2,0,0,0,3,0,2),(1238,241,264,2,0,0,0,0,0,0),(1239,241,188,2,0,1,1,2,0,0),(1240,241,90,2,0,0,0,0,0,0),(1241,241,269,2,0,0,0,0,0,0),(1242,241,20,2,2,1,3,4,0,0),(1243,241,21,2,0,3,3,2,0,0),(1244,241,104,2,0,0,0,1,0,0),(1245,241,190,2,0,0,0,1,0,0),(1246,241,247,2,0,1,1,3,0,0),(1247,241,189,2,1,0,1,3,0,0),(1248,241,263,2,0,0,0,1,0,0),(1249,242,206,4,0,0,0,0,0,0),(1250,242,147,4,1,0,1,2,0,2),(1251,242,229,4,0,0,0,3,0,2),(1252,242,131,4,0,0,0,0,0,0),(1253,242,87,4,0,0,0,2,0,0),(1254,242,207,4,0,0,0,0,0,0),(1255,242,9,4,0,0,0,4,0,0),(1256,242,285,4,0,0,0,2,0,0),(1257,242,40,4,0,0,0,1,0,0),(1258,242,230,4,0,0,0,1,0,0),(1259,242,277,4,0,1,1,1,0,4),(1260,242,249,4,0,0,0,3,0,0),(1261,242,280,4,0,0,0,0,0,0),(1262,242,47,4,0,0,0,2,0,0),(1263,242,204,4,0,1,1,0,0,0),(1264,242,30,4,0,0,0,0,0,0),(1265,242,60,4,0,0,0,1,0,0),(1266,242,45,4,0,1,1,0,0,0),(1267,242,245,4,1,0,1,4,0,0),(1268,242,310,9,0,0,0,0,0,0),(1269,242,209,9,0,0,0,0,0,0),(1270,242,301,9,0,0,0,1,0,2),(1271,242,180,9,0,0,0,0,0,0),(1272,242,198,9,0,0,0,4,0,0),(1273,242,161,9,0,0,0,1,0,0),(1274,242,227,9,0,0,0,3,0,4),(1275,242,11,9,0,0,0,4,0,0),(1276,242,50,9,0,0,0,1,0,0),(1277,242,114,9,0,0,0,3,0,2),(1278,242,129,9,0,0,0,1,0,0),(1279,242,118,9,0,0,0,0,0,2),(1280,242,192,9,0,0,0,1,0,0),(1281,242,252,9,0,0,0,2,0,0),(1282,242,89,9,0,0,0,2,0,0),(1283,242,248,9,0,0,0,2,0,0),(1284,242,306,9,0,0,0,0,0,0),(1285,242,115,9,0,0,0,2,0,0),(1286,243,206,4,0,0,0,0,0,0),(1287,243,147,4,0,0,0,1,0,0),(1288,243,229,4,0,0,0,0,0,0),(1289,243,205,4,0,1,1,2,0,0),(1290,243,87,4,0,1,1,2,0,0),(1291,243,207,4,0,0,0,0,0,0),(1292,243,9,4,0,0,0,2,0,0),(1293,243,285,4,0,1,1,1,0,0),(1294,243,40,4,1,0,1,2,0,0),(1295,243,230,4,0,0,0,0,0,0),(1296,243,277,4,1,0,1,1,0,0),(1297,243,249,4,0,1,1,2,0,0),(1298,243,280,4,0,1,1,1,0,0),(1299,243,47,4,0,0,0,0,0,0),(1300,243,204,4,0,0,0,0,0,2),(1301,243,30,4,1,0,1,1,0,0),(1302,243,60,4,0,1,1,1,0,0),(1303,243,45,4,0,0,0,0,0,0),(1304,243,245,4,1,0,1,5,0,0),(1305,243,32,3,1,0,1,8,0,2),(1306,243,84,3,0,1,1,0,0,0),(1307,243,42,3,0,2,2,5,0,4),(1308,243,39,3,0,0,0,0,0,0),(1309,243,61,3,0,0,0,5,0,0),(1310,243,199,3,0,0,0,0,0,0),(1311,243,128,3,0,0,0,2,0,0),(1312,243,98,3,0,0,0,1,0,0),(1313,243,5,3,0,0,0,2,0,0),(1314,243,83,3,0,1,1,2,0,0),(1315,243,4,3,0,0,0,4,0,0),(1316,243,157,3,0,0,0,0,0,0),(1317,243,31,3,1,1,2,3,0,0),(1318,243,51,3,0,0,0,1,0,0),(1319,243,253,3,0,1,1,4,0,0),(1320,243,35,3,0,0,0,1,0,0),(1321,243,272,3,0,0,0,1,0,0),(1322,243,79,3,0,0,0,5,0,0),(1323,243,274,3,1,0,1,1,0,0),(1324,244,71,5,0,2,2,0,0,0),(1325,244,242,5,0,1,1,2,0,2),(1326,244,219,5,0,0,0,0,0,0),(1327,244,101,5,0,0,0,0,0,0),(1328,244,38,5,0,0,0,1,0,0),(1329,244,88,5,1,0,1,2,0,0),(1330,244,57,5,0,0,0,1,0,0),(1331,244,220,5,0,0,0,1,0,0),(1332,244,58,5,2,0,2,2,0,0),(1333,244,217,5,0,0,0,0,0,0),(1334,244,241,5,1,2,3,2,0,0),(1335,244,53,5,1,0,1,1,0,0),(1336,244,286,5,0,0,0,0,0,0),(1337,244,72,5,0,1,1,4,0,0),(1338,244,108,5,0,0,0,0,0,0),(1339,244,240,5,0,0,0,0,0,0),(1340,244,223,5,0,1,1,4,0,0),(1341,244,221,5,0,0,0,1,0,0),(1342,244,239,5,0,1,1,1,0,0),(1343,244,24,2,0,0,0,2,0,0),(1344,244,236,2,0,1,1,3,0,0),(1345,244,167,2,0,0,0,0,0,0),(1346,244,191,2,0,0,0,1,0,2),(1347,244,102,2,0,0,0,2,0,0),(1348,244,23,2,1,1,2,1,0,0),(1349,244,25,2,0,0,0,1,0,0),(1350,244,195,2,0,0,0,4,0,0),(1351,244,264,2,0,0,0,0,0,2),(1352,244,188,2,0,1,1,3,0,0),(1353,244,90,2,0,0,0,0,0,0),(1354,244,269,2,0,0,0,0,0,0),(1355,244,20,2,0,0,0,2,0,0),(1356,244,21,2,0,0,0,4,0,0),(1357,244,104,2,0,0,0,0,0,0),(1358,244,190,2,0,0,0,2,0,0),(1359,244,247,2,0,0,0,0,0,0),(1360,244,189,2,1,0,1,1,0,2),(1361,244,263,2,0,0,0,0,0,2),(1362,245,132,6,0,0,0,0,0,2),(1363,245,68,6,0,0,0,1,0,0),(1364,245,63,6,1,1,2,5,0,0),(1365,245,311,6,0,0,0,0,0,2),(1366,245,317,6,0,0,0,3,0,0),(1367,245,67,6,0,1,1,1,0,0),(1368,245,56,6,0,0,0,2,0,0),(1369,245,44,6,0,0,0,3,0,0),(1370,245,65,6,0,0,0,3,0,0),(1371,245,313,6,0,0,0,1,0,0),(1372,245,244,6,0,0,0,0,0,0),(1373,245,66,6,0,0,0,3,0,0),(1374,245,100,6,1,0,1,3,0,0),(1375,245,316,6,0,0,0,0,0,0),(1376,245,73,6,0,1,1,1,0,0),(1377,245,76,6,0,1,1,2,0,0),(1378,245,26,6,0,0,0,0,0,0),(1379,245,86,6,0,0,0,0,0,0),(1380,245,200,6,0,0,0,0,0,0),(1381,245,196,8,0,0,0,5,0,0),(1382,245,203,8,0,1,1,2,0,0),(1383,245,291,8,0,0,0,0,0,2),(1384,245,142,8,0,0,0,3,0,0),(1385,245,36,8,0,0,0,2,0,0),(1386,245,2,8,0,0,0,0,0,0),(1387,245,138,8,0,1,1,6,0,0),(1388,245,91,8,0,0,0,0,0,0),(1389,245,181,8,0,0,0,4,0,0),(1390,245,99,8,0,1,1,1,0,0),(1391,245,13,8,0,0,0,5,0,0),(1392,245,294,8,0,0,0,1,0,0),(1393,245,34,8,1,0,1,2,0,0),(1394,245,208,8,0,0,0,1,0,0),(1395,245,295,8,0,0,0,0,0,0),(1396,245,49,8,1,0,1,3,0,0),(1397,245,210,8,0,1,1,3,0,0),(1398,245,224,8,0,0,0,1,0,0),(1399,246,52,1,0,0,0,1,0,0),(1400,246,12,1,0,0,0,2,0,0),(1401,246,254,1,0,0,0,0,0,0),(1402,246,246,1,0,0,0,0,0,0),(1403,246,18,1,0,1,1,0,0,0),(1404,246,15,1,0,0,0,5,0,0),(1405,246,97,1,0,0,0,0,0,0),(1406,246,256,1,1,0,1,6,0,2),(1407,246,255,1,0,0,0,0,0,0),(1408,246,17,1,0,1,1,2,0,0),(1409,246,259,1,0,0,0,0,0,0),(1410,246,1,1,0,0,0,0,0,0),(1411,246,212,1,0,0,0,0,0,2),(1412,246,243,1,0,1,1,3,0,0),(1413,246,183,1,0,0,0,1,0,2),(1414,246,149,1,0,0,0,0,0,0),(1415,246,16,1,1,0,1,3,0,0),(1416,246,232,1,0,1,1,0,0,0),(1417,246,78,1,1,0,1,4,0,2),(1418,246,310,9,0,0,0,0,0,0),(1419,246,209,9,1,1,2,3,0,0),(1420,246,301,9,0,0,0,0,0,0),(1421,246,180,9,0,0,0,1,0,0),(1422,246,198,9,0,1,1,2,0,0),(1423,246,161,9,0,1,1,1,0,0),(1424,246,227,9,0,0,0,2,0,2),(1425,246,11,9,1,0,1,3,0,0),(1426,246,50,9,0,0,0,1,0,0),(1427,246,114,9,0,0,0,1,0,0),(1428,246,129,9,0,0,0,0,0,2),(1429,246,118,9,0,0,0,0,0,0),(1430,246,192,9,0,0,0,0,0,0),(1431,246,252,9,0,0,0,3,0,0),(1432,246,89,9,1,2,3,2,0,0),(1433,246,169,9,1,0,1,1,0,0),(1434,246,248,9,0,0,0,0,0,0),(1435,246,306,9,0,0,0,0,0,0),(1436,246,115,9,0,1,1,1,0,2),(1437,247,32,3,0,2,2,7,0,0),(1438,247,84,3,0,0,0,1,0,2),(1439,247,42,3,1,1,2,5,0,2),(1440,247,271,3,0,0,0,0,0,0),(1441,247,39,3,0,0,0,2,0,0),(1442,247,61,3,0,0,0,1,0,0),(1443,247,199,3,0,0,0,0,0,0),(1444,247,128,3,0,0,0,1,0,0),(1445,247,98,3,0,0,0,2,0,0),(1446,247,5,3,0,0,0,0,0,0),(1447,247,201,3,0,0,0,0,0,0),(1448,247,4,3,0,0,0,3,0,2),(1449,247,157,3,0,0,0,3,0,0),(1450,247,31,3,2,1,3,3,0,0),(1451,247,51,3,0,0,0,1,0,0),(1452,247,253,3,0,1,1,2,0,0),(1453,247,35,3,0,0,0,1,0,0),(1454,247,79,3,0,0,0,3,0,0),(1455,247,274,3,0,1,1,3,0,0),(1456,247,24,2,0,1,1,0,0,0),(1457,247,236,2,0,1,1,2,0,0),(1458,247,167,2,0,0,0,2,0,0),(1459,247,191,2,0,0,0,1,0,0),(1460,247,102,2,0,0,0,0,0,0),(1461,247,162,2,0,0,0,0,0,0),(1462,247,23,2,0,0,0,0,0,0),(1463,247,25,2,0,0,0,1,0,0),(1464,247,195,2,0,0,0,1,0,0),(1465,247,264,2,0,0,0,0,0,0),(1466,247,188,2,1,0,1,2,0,0),(1467,247,90,2,0,0,0,0,0,0),(1468,247,20,2,1,1,2,4,0,0),(1469,247,21,2,0,1,1,1,0,2),(1470,247,104,2,0,0,0,2,0,0),(1471,247,190,2,0,0,0,0,0,0),(1472,247,247,2,0,0,0,3,0,2),(1473,247,189,2,0,0,0,1,0,0),(1474,247,263,2,0,0,0,1,0,0),(1475,248,68,6,0,0,0,3,0,0),(1476,248,116,6,0,0,0,0,0,0),(1477,248,63,6,0,0,0,3,0,0),(1478,248,311,6,0,0,0,1,0,0),(1479,248,317,6,0,0,0,0,0,0),(1480,248,67,6,0,0,0,3,0,0),(1481,248,56,6,0,0,0,1,0,0),(1482,248,44,6,0,0,0,3,0,0),(1483,248,65,6,0,0,0,1,0,0),(1484,248,313,6,0,0,0,1,0,0),(1485,248,244,6,0,0,0,1,0,0),(1486,248,66,6,0,0,0,0,0,0),(1487,248,100,6,0,0,0,4,0,0),(1488,248,316,6,0,0,0,2,0,2),(1489,248,73,6,0,0,0,1,0,0),(1490,248,76,6,0,0,0,2,0,0),(1491,248,26,6,0,0,0,0,0,0),(1492,248,86,6,0,0,0,1,0,0),(1493,248,200,6,0,0,0,4,0,0),(1494,248,251,4,0,0,0,0,0,0),(1495,248,206,4,0,0,0,1,0,0),(1496,248,147,4,0,0,0,0,0,0),(1497,248,229,4,0,0,0,2,0,0),(1498,248,205,4,0,0,0,4,0,0),(1499,248,87,4,0,0,0,1,0,2),(1500,248,207,4,0,0,0,2,0,0),(1501,248,9,4,0,0,0,0,0,0),(1502,248,285,4,0,0,0,1,0,0),(1503,248,40,4,0,0,0,1,0,2),(1504,248,230,4,0,0,0,0,0,0),(1505,248,249,4,0,0,0,1,0,0),(1506,248,280,4,0,1,1,2,0,0),(1507,248,47,4,0,0,0,0,0,0),(1508,248,204,4,0,0,0,1,0,0),(1509,248,30,4,0,0,0,1,0,0),(1510,248,60,4,0,1,1,0,0,0),(1511,248,45,4,0,0,0,1,0,0),(1512,248,245,4,2,0,2,4,0,0),(1513,250,52,1,0,0,0,1,0,0),(1514,250,12,1,1,0,1,4,0,0),(1515,250,254,1,0,0,0,0,0,0),(1516,250,246,1,0,1,1,6,0,0),(1517,250,15,1,0,0,0,1,0,0),(1518,250,97,1,0,0,0,1,0,0),(1519,250,256,1,0,0,0,0,0,0),(1520,250,255,1,0,0,0,1,0,0),(1521,250,17,1,0,0,0,0,0,0),(1522,250,259,1,0,0,0,1,0,0),(1523,250,1,1,0,0,0,1,0,0),(1524,250,212,1,0,1,1,0,0,0),(1525,250,243,1,0,0,0,1,0,0),(1526,250,183,1,0,0,0,1,0,0),(1527,250,149,1,0,0,0,0,0,0),(1528,250,16,1,1,0,1,3,0,0),(1529,250,232,1,0,0,0,0,0,0),(1530,250,185,1,0,0,0,0,0,0),(1531,250,78,1,0,1,1,2,0,0),(1532,250,196,8,0,0,0,0,0,0),(1533,250,203,8,0,0,0,1,0,0),(1534,250,291,8,0,0,0,0,0,0),(1535,250,142,8,0,0,0,2,0,0),(1536,250,36,8,0,0,0,1,0,0),(1537,250,237,8,0,0,0,0,0,0),(1538,250,2,8,0,0,0,2,0,0),(1539,250,138,8,0,0,0,1,0,0),(1540,250,91,8,0,0,0,0,0,0),(1541,250,181,8,1,0,1,2,0,0),(1542,250,99,8,0,0,0,0,0,0),(1543,250,13,8,0,1,1,1,0,0),(1544,250,294,8,0,0,0,2,0,0),(1545,250,34,8,0,0,0,1,0,0),(1546,250,208,8,0,1,1,1,0,0),(1547,250,295,8,0,0,0,0,0,0),(1548,250,49,8,0,0,0,0,0,0),(1549,250,210,8,0,0,0,1,0,0),(1550,250,224,8,0,0,0,0,0,0),(1551,249,71,5,0,1,1,1,0,0),(1552,249,242,5,0,0,0,2,0,0),(1553,249,219,5,0,0,0,0,0,0),(1554,249,289,5,0,0,0,0,0,0),(1555,249,101,5,0,0,0,0,0,0),(1556,249,38,5,0,1,1,2,0,0),(1557,249,88,5,0,0,0,0,0,0),(1558,249,57,5,0,0,0,3,0,0),(1559,249,220,5,0,0,0,1,0,0),(1560,249,58,5,1,0,1,5,0,0),(1561,249,217,5,0,0,0,0,0,0),(1562,249,241,5,0,0,0,0,0,0),(1563,249,53,5,0,0,0,1,0,0),(1564,249,286,5,0,2,2,4,0,2),(1565,249,72,5,1,0,1,1,0,0),(1566,249,240,5,0,0,0,1,0,0),(1567,249,223,5,1,0,1,4,0,0),(1568,249,221,5,1,0,1,1,0,0),(1569,249,239,5,0,1,1,1,0,2),(1570,249,209,9,0,0,0,1,0,0),(1571,249,301,9,0,0,0,0,0,0),(1572,249,180,9,0,0,0,0,0,0),(1573,249,198,9,0,0,0,2,0,0),(1574,249,161,9,0,0,0,1,0,0),(1575,249,227,9,0,0,0,0,0,0),(1576,249,11,9,1,0,1,6,0,0),(1577,249,50,9,0,0,0,2,0,0),(1578,249,114,9,0,0,0,2,0,0),(1579,249,129,9,0,0,0,2,0,0),(1580,249,118,9,0,0,0,0,0,0),(1581,249,192,9,0,0,0,0,0,0),(1582,249,305,9,0,0,0,1,0,0),(1583,249,252,9,1,0,1,3,0,0),(1584,249,89,9,0,0,0,3,0,0),(1585,249,169,9,0,1,1,1,0,0),(1586,249,248,9,0,0,0,0,0,0),(1587,249,306,9,0,0,0,0,0,0),(1588,249,115,9,0,1,1,1,0,2),(1589,251,12,1,0,0,0,3,0,0),(1590,251,182,1,0,1,1,1,0,0),(1591,251,254,1,0,0,0,1,0,0),(1592,251,246,1,0,0,0,1,0,2),(1593,251,18,1,0,0,0,0,0,0),(1594,251,15,1,0,0,0,5,0,0),(1595,251,97,1,0,0,0,1,0,0),(1596,251,256,1,0,0,0,2,0,0),(1597,251,255,1,0,0,0,2,0,0),(1598,251,17,1,0,1,1,2,0,0),(1599,251,259,1,0,0,0,3,0,2),(1600,251,1,1,0,0,0,1,0,2),(1601,251,243,1,0,0,0,4,0,0),(1602,251,183,1,0,0,0,0,0,0),(1603,251,149,1,0,0,0,0,0,2),(1604,251,16,1,0,0,0,1,0,0),(1605,251,232,1,0,0,0,2,0,0),(1606,251,185,1,0,0,0,0,0,0),(1607,251,78,1,1,0,1,3,0,2),(1608,251,71,5,0,0,0,2,0,0),(1609,251,242,5,0,0,0,0,0,0),(1610,251,219,5,0,0,0,0,0,2),(1611,251,289,5,0,0,0,0,0,2),(1612,251,101,5,0,0,0,1,0,0),(1613,251,38,5,0,1,1,0,0,0),(1614,251,88,5,0,0,0,0,0,0),(1615,251,57,5,0,0,0,1,0,0),(1616,251,220,5,0,0,0,2,0,2),(1617,251,58,5,1,0,1,1,0,0),(1618,251,217,5,0,0,0,0,0,0),(1619,251,241,5,0,1,1,2,0,0),(1620,251,53,5,0,0,0,1,0,0),(1621,251,286,5,0,0,0,1,0,0),(1622,251,72,5,0,0,0,1,0,0),(1623,251,240,5,0,0,0,1,0,0),(1624,251,223,5,0,0,0,4,0,0),(1625,251,221,5,0,0,0,0,0,2),(1626,251,239,5,0,0,0,1,0,0),(1627,252,236,2,0,0,0,1,0,0),(1628,252,167,2,0,3,3,2,0,0),(1629,252,191,2,2,0,2,2,0,0),(1630,252,102,2,0,0,0,1,0,0),(1631,252,162,2,0,0,0,0,0,0),(1632,252,23,2,0,1,1,3,0,0),(1633,252,25,2,2,0,2,9,0,0),(1634,252,264,2,0,0,0,1,0,0),(1635,252,194,2,0,0,0,0,0,0),(1636,252,188,2,0,0,0,2,0,0),(1637,252,90,2,0,0,0,1,0,0),(1638,252,269,2,0,0,0,2,0,0),(1639,252,20,2,0,1,1,2,0,0),(1640,252,21,2,1,2,3,6,0,0),(1641,252,104,2,0,0,0,2,0,0),(1642,252,190,2,0,1,1,1,0,2),(1643,252,247,2,1,1,2,5,0,0),(1644,252,189,2,0,2,2,1,0,0),(1645,252,263,2,0,0,0,4,0,0),(1646,252,62,8,0,0,0,1,0,0),(1647,252,196,8,0,0,0,1,0,0),(1648,252,203,8,0,0,0,2,0,0),(1649,252,142,8,0,0,0,0,0,0),(1650,252,36,8,1,1,2,3,0,0),(1651,252,237,8,0,0,0,0,0,0),(1652,252,2,8,0,0,0,0,0,0),(1653,252,138,8,0,0,0,2,0,2),(1654,252,91,8,0,0,0,0,0,0),(1655,252,181,8,0,0,0,1,0,0),(1656,252,99,8,0,0,0,1,0,0),(1657,252,13,8,0,0,0,3,0,0),(1658,252,294,8,0,0,0,0,0,0),(1659,252,34,8,0,0,0,1,0,0),(1660,252,208,8,0,0,0,2,0,2),(1661,252,295,8,0,0,0,1,0,2),(1662,252,49,8,0,0,0,2,0,0),(1663,252,210,8,0,1,1,2,0,2),(1664,252,224,8,1,0,1,4,0,0),(1665,253,32,3,0,0,0,1,0,0),(1666,253,84,3,0,0,0,1,0,0),(1667,253,42,3,0,0,0,0,0,5),(1668,253,39,3,0,0,0,1,0,0),(1669,253,61,3,0,0,0,1,0,0),(1670,253,199,3,0,0,0,2,0,2),(1671,253,128,3,0,0,0,0,0,0),(1672,253,98,3,0,0,0,3,0,0),(1673,253,5,3,0,0,0,2,0,2),(1674,253,83,3,0,0,0,0,0,0),(1675,253,201,3,0,0,0,1,0,0),(1676,253,4,3,0,0,0,3,0,0),(1677,253,157,3,0,0,0,2,0,0),(1678,253,31,3,0,1,1,3,0,0),(1679,253,51,3,0,0,0,0,0,0),(1680,253,253,3,1,0,1,1,0,0),(1681,253,35,3,0,0,0,1,0,0),(1682,253,79,3,0,0,0,2,0,0),(1683,253,274,3,0,0,0,2,0,0),(1684,253,209,9,0,0,0,0,0,0),(1685,253,301,9,0,0,0,0,0,0),(1686,253,180,9,0,0,0,0,0,0),(1687,253,198,9,0,0,0,3,0,0),(1688,253,161,9,0,0,0,2,0,0),(1689,253,227,9,0,0,0,1,0,0),(1690,253,11,9,0,0,0,7,0,0),(1691,253,50,9,0,0,0,1,0,0),(1692,253,114,9,0,0,0,0,0,4),(1693,253,129,9,0,0,0,0,0,0),(1694,253,118,9,0,0,0,0,0,0),(1695,253,192,9,0,0,0,2,0,0),(1696,253,305,9,0,0,0,2,0,0),(1697,253,252,9,0,0,0,1,0,0),(1698,253,89,9,0,0,0,3,0,0),(1699,253,169,9,0,0,0,2,0,0),(1700,253,248,9,0,0,0,1,0,0),(1701,253,306,9,0,0,0,0,0,0),(1702,253,115,9,0,0,0,1,0,0),(1703,254,32,3,0,0,0,5,0,2),(1704,254,84,3,0,0,0,2,0,0),(1705,254,39,3,0,0,0,0,0,0),(1706,254,61,3,0,1,1,1,0,0),(1707,254,199,3,0,0,0,0,0,0),(1708,254,128,3,0,0,0,1,0,0),(1709,254,98,3,0,1,1,3,0,0),(1710,254,5,3,1,0,1,3,0,0),(1711,254,83,3,0,0,0,3,0,2),(1712,254,201,3,0,0,0,0,0,0),(1713,254,4,3,1,1,2,3,0,0),(1714,254,157,3,0,0,0,0,0,2),(1715,254,31,3,0,0,0,1,0,0),(1716,254,51,3,0,0,0,0,0,0),(1717,254,253,3,0,0,0,2,0,0),(1718,254,35,3,0,0,0,3,0,0),(1719,254,272,3,0,0,0,3,0,2),(1720,254,79,3,0,1,1,0,0,0),(1721,254,274,3,0,0,0,1,0,0),(1722,254,71,5,0,0,0,1,0,0),(1723,254,242,5,0,0,0,0,0,2),(1724,254,219,5,0,0,0,1,0,0),(1725,254,289,5,0,0,0,0,0,0),(1726,254,101,5,0,0,0,0,0,0),(1727,254,38,5,0,0,0,1,0,0),(1728,254,88,5,0,1,1,1,0,0),(1729,254,57,5,0,0,0,0,0,2),(1730,254,220,5,0,0,0,1,0,0),(1731,254,58,5,0,0,0,3,0,2),(1732,254,217,5,0,0,0,0,0,0),(1733,254,241,5,0,0,0,2,0,0),(1734,254,53,5,0,0,0,1,0,0),(1735,254,286,5,0,0,0,1,0,0),(1736,254,72,5,0,0,0,0,0,0),(1737,254,240,5,0,1,1,4,0,2),(1738,254,223,5,1,0,1,1,0,0),(1739,254,221,5,0,0,0,0,0,0),(1740,254,239,5,0,0,0,1,0,0),(1741,255,52,1,0,0,0,1,0,0),(1742,255,12,1,0,1,1,3,0,0),(1743,255,246,1,0,1,1,1,0,0),(1744,255,18,1,0,0,0,1,0,0),(1745,255,15,1,1,1,2,1,0,0),(1746,255,97,1,0,0,0,2,0,0),(1747,255,256,1,0,0,0,2,0,0),(1748,255,255,1,0,0,0,1,0,0),(1749,255,17,1,0,0,0,1,0,0),(1750,255,259,1,0,0,0,1,0,0),(1751,255,1,1,0,0,0,1,0,0),(1752,255,212,1,0,0,0,0,0,0),(1753,255,243,1,0,0,0,1,0,0),(1754,255,183,1,1,0,1,3,0,0),(1755,255,149,1,0,1,1,1,0,0),(1756,255,16,1,0,0,0,0,0,0),(1757,255,232,1,0,0,0,1,0,0),(1758,255,185,1,0,0,0,0,0,0),(1759,255,78,1,0,0,0,0,0,0),(1760,255,68,6,0,0,0,2,0,0),(1761,255,116,6,0,0,0,0,0,0),(1762,255,63,6,0,0,0,3,0,0),(1763,255,311,6,0,0,0,0,0,0),(1764,255,317,6,0,0,0,0,0,0),(1765,255,67,6,0,0,0,0,0,0),(1766,255,56,6,0,0,0,2,0,0),(1767,255,44,6,0,1,1,2,0,0),(1768,255,65,6,0,0,0,1,0,0),(1769,255,313,6,0,0,0,0,0,0),(1770,255,244,6,0,0,0,1,0,0),(1771,255,66,6,0,0,0,1,0,0),(1772,255,100,6,0,0,0,2,0,0),(1773,255,316,6,0,0,0,2,0,0),(1774,255,73,6,1,0,1,3,0,0),(1775,255,76,6,0,0,0,1,0,0),(1776,255,26,6,0,1,1,1,0,0),(1777,255,86,6,0,0,0,1,0,0),(1778,255,200,6,0,0,0,0,0,0),(1779,256,251,4,0,0,0,2,0,0),(1780,256,206,4,0,0,0,0,0,0),(1781,256,147,4,0,0,0,0,0,0),(1782,256,229,4,0,0,0,3,0,0),(1783,256,205,4,0,1,1,0,0,0),(1784,256,87,4,0,0,0,0,0,2),(1785,256,207,4,0,0,0,0,0,0),(1786,256,9,4,1,0,1,3,0,0),(1787,256,285,4,0,0,0,0,0,2),(1788,256,40,4,0,0,0,1,0,0),(1789,256,230,4,0,0,0,1,0,0),(1790,256,277,4,0,0,0,2,0,0),(1791,256,249,4,0,0,0,1,0,0),(1792,256,280,4,1,0,1,2,0,0),(1793,256,47,4,0,1,1,2,0,0),(1794,256,30,4,0,0,0,4,0,0),(1795,256,60,4,0,0,0,2,0,0),(1796,256,45,4,0,0,0,0,0,0),(1797,256,245,4,0,0,0,3,0,0),(1798,256,236,2,0,0,0,2,0,0),(1799,256,167,2,0,0,0,3,0,0),(1800,256,191,2,0,0,0,0,0,0),(1801,256,102,2,0,0,0,0,0,0),(1802,256,162,2,0,0,0,0,0,0),(1803,256,23,2,1,0,1,3,0,0),(1804,256,25,2,0,1,1,3,0,0),(1805,256,264,2,0,0,0,1,0,0),(1806,256,194,2,0,0,0,0,0,0),(1807,256,188,2,0,0,0,2,0,2),(1808,256,90,2,0,0,0,0,0,0),(1809,256,269,2,0,0,0,0,0,0),(1810,256,20,2,1,1,2,4,0,0),(1811,256,21,2,0,2,2,1,0,0),(1812,256,104,2,0,0,0,5,0,0),(1813,256,190,2,0,0,0,1,0,0),(1814,256,247,2,0,0,0,0,0,0),(1815,256,189,2,1,0,1,1,0,0),(1816,256,263,2,0,0,0,0,0,0),(1817,257,68,6,0,0,0,3,0,0),(1818,257,116,6,0,0,0,0,0,0),(1819,257,63,6,1,0,1,8,0,0),(1820,257,311,6,0,0,0,0,0,0),(1821,257,317,6,0,0,0,0,0,0),(1822,257,67,6,0,0,0,5,0,0),(1823,257,56,6,1,0,1,5,0,0),(1824,257,44,6,0,0,0,6,0,0),(1825,257,65,6,0,0,0,0,0,0),(1826,257,313,6,0,0,0,0,0,0),(1827,257,244,6,0,0,0,1,0,0),(1828,257,66,6,0,0,0,3,0,0),(1829,257,100,6,0,0,0,4,0,0),(1830,257,316,6,0,0,0,2,0,2),(1831,257,73,6,0,1,1,1,0,2),(1832,257,76,6,0,1,1,3,0,0),(1833,257,26,6,0,0,0,1,0,0),(1834,257,86,6,0,0,0,2,0,0),(1835,257,200,6,0,0,0,0,0,0),(1836,257,209,9,0,0,0,2,0,2),(1837,257,301,9,0,0,0,0,0,0),(1838,257,180,9,0,1,1,0,0,0),(1839,257,198,9,0,0,0,2,0,0),(1840,257,161,9,0,0,0,0,0,2),(1841,257,227,9,0,0,0,0,0,0),(1842,257,11,9,0,0,0,5,0,0),(1843,257,75,9,1,0,1,3,0,0),(1844,257,50,9,0,0,0,0,0,0),(1845,257,114,9,0,0,0,2,0,0),(1846,257,129,9,0,0,0,1,0,0),(1847,257,118,9,0,0,0,0,0,0),(1848,257,192,9,0,0,0,0,0,0),(1849,257,305,9,0,1,1,1,0,0),(1850,257,252,9,0,0,0,1,0,2),(1851,257,89,9,0,0,0,3,0,2),(1852,257,169,9,0,0,0,3,0,0),(1853,257,248,9,0,0,0,0,0,0),(1854,257,115,9,0,0,0,1,0,0),(1855,258,251,4,0,0,0,2,0,0),(1856,258,147,4,0,0,0,1,0,0),(1857,258,229,4,0,1,1,2,0,10),(1858,258,205,4,0,2,2,2,0,0),(1859,258,87,4,0,0,0,1,0,0),(1860,258,207,4,0,0,0,1,0,0),(1861,258,9,4,0,0,0,1,0,30),(1862,258,285,4,0,0,0,3,0,2),(1863,258,40,4,0,1,1,1,0,2),(1864,258,230,4,0,0,0,2,0,2),(1865,258,277,4,0,0,0,1,0,0),(1866,258,249,4,1,0,1,1,0,0),(1867,258,280,4,0,0,0,3,0,0),(1868,258,47,4,0,0,0,1,0,10),(1869,258,204,4,0,0,0,0,0,0),(1870,258,30,4,0,0,0,2,0,2),(1871,258,60,4,0,0,0,1,0,0),(1872,258,45,4,0,0,0,0,0,0),(1873,258,245,4,1,0,1,2,0,10),(1874,258,32,3,0,0,0,5,0,0),(1875,258,84,3,0,1,1,0,0,2),(1876,258,42,3,0,0,0,2,0,12),(1877,258,39,3,0,0,0,3,0,0),(1878,258,61,3,0,1,1,0,0,10),(1879,258,199,3,0,0,0,2,0,0),(1880,258,128,3,0,0,0,0,0,0),(1881,258,98,3,0,0,0,3,0,0),(1882,258,5,3,0,0,0,2,0,0),(1883,258,83,3,0,0,0,2,0,0),(1884,258,201,3,0,0,0,0,0,0),(1885,258,4,3,0,0,0,3,0,0),(1886,258,31,3,0,0,0,4,0,12),(1887,258,51,3,0,0,0,2,0,0),(1888,258,253,3,0,0,0,0,0,0),(1889,258,35,3,0,0,0,1,0,0),(1890,258,272,3,0,0,0,1,0,4),(1891,258,79,3,1,0,1,2,0,10),(1892,258,274,3,0,0,0,0,0,0),(1893,259,62,8,0,0,0,1,0,2),(1894,259,196,8,0,1,1,3,0,0),(1895,259,203,8,0,0,0,2,0,0),(1896,259,291,8,0,0,0,1,0,0),(1897,259,142,8,0,0,0,3,0,0),(1898,259,36,8,0,0,0,1,0,0),(1899,259,237,8,0,0,0,0,0,0),(1900,259,2,8,0,0,0,2,0,0),(1901,259,138,8,0,0,0,2,0,2),(1902,259,91,8,0,1,1,0,0,0),(1903,259,181,8,0,0,0,3,0,0),(1904,259,99,8,0,0,0,0,0,0),(1905,259,13,8,0,0,0,3,0,0),(1906,259,34,8,0,0,0,3,0,0),(1907,259,208,8,0,0,0,3,0,0),(1908,259,49,8,0,0,0,0,0,0),(1909,259,210,8,1,0,1,6,0,0),(1910,259,224,8,0,0,0,3,0,0),(1911,259,52,1,0,0,0,0,0,2),(1912,259,12,1,1,0,1,2,0,0),(1913,259,182,1,0,0,0,0,0,0),(1914,259,246,1,0,0,0,4,0,0),(1915,259,18,1,0,0,0,0,0,0),(1916,259,15,1,0,1,1,2,0,0),(1917,259,97,1,0,0,0,0,0,0),(1918,259,256,1,0,0,0,0,0,0),(1919,259,255,1,0,0,0,1,0,0),(1920,259,17,1,0,0,0,2,0,0),(1921,259,259,1,0,1,1,1,0,0),(1922,259,1,1,0,0,0,0,0,0),(1923,259,212,1,0,0,0,0,0,0),(1924,259,243,1,0,0,0,2,0,0),(1925,259,183,1,0,0,0,1,0,0),(1926,259,149,1,0,0,0,2,0,0),(1927,259,16,1,0,0,0,1,0,0),(1928,259,185,1,0,0,0,0,0,2),(1929,259,78,1,0,0,0,3,0,2),(1930,260,251,4,0,0,0,2,0,0),(1931,260,206,4,0,0,0,3,0,0),(1932,260,147,4,0,0,0,0,0,0),(1933,260,229,4,0,0,0,3,0,0),(1934,260,205,4,0,2,2,3,0,0),(1935,260,87,4,1,0,1,1,0,0),(1936,260,207,4,0,0,0,0,0,0),(1937,260,285,4,0,0,0,0,0,2),(1938,260,40,4,0,0,0,1,0,0),(1939,260,230,4,0,0,0,0,0,2),(1940,260,277,4,0,0,0,1,0,0),(1941,260,249,4,1,0,1,3,0,0),(1942,260,280,4,0,1,1,5,0,0),(1943,260,47,4,0,0,0,1,0,0),(1944,260,204,4,0,0,0,0,0,0),(1945,260,30,4,1,0,1,4,0,2),(1946,260,60,4,0,1,1,3,0,0),(1947,260,45,4,0,0,0,0,0,0),(1948,260,245,4,0,1,1,4,0,0),(1949,260,71,5,0,0,0,1,0,2),(1950,260,242,5,0,0,0,1,0,0),(1951,260,219,5,0,1,1,3,0,0),(1952,260,289,5,0,0,0,0,0,0),(1953,260,101,5,0,0,0,0,0,2),(1954,260,38,5,0,0,0,1,0,2),(1955,260,88,5,0,0,0,2,0,0),(1956,260,57,5,1,1,2,1,0,0),(1957,260,58,5,1,1,2,1,0,2),(1958,260,217,5,0,0,0,0,0,0),(1959,260,241,5,1,0,1,1,0,0),(1960,260,118,5,0,0,0,1,0,0),(1961,260,53,5,0,1,1,4,0,0),(1962,260,192,5,0,0,0,0,0,0),(1963,260,286,5,0,0,0,0,0,0),(1964,260,72,5,1,2,3,4,0,0),(1965,260,240,5,0,0,0,1,0,6),(1966,260,115,5,0,0,0,0,0,0),(1967,260,223,5,0,0,0,0,0,0),(1968,261,196,8,0,1,1,1,0,0),(1969,261,203,8,0,0,0,1,0,0),(1970,261,291,8,0,0,0,0,0,0),(1971,261,142,8,0,0,0,2,0,0),(1972,261,36,8,1,2,3,3,0,0),(1973,261,237,8,0,0,0,0,0,0),(1974,261,2,8,0,1,1,1,0,0),(1975,261,138,8,0,0,0,1,0,0),(1976,261,91,8,0,0,0,1,0,0),(1977,261,181,8,1,1,2,4,0,0),(1978,261,99,8,0,1,1,1,0,0),(1979,261,13,8,1,0,1,4,0,0),(1980,261,294,8,0,1,1,2,0,2),(1981,261,34,8,0,2,2,2,0,0),(1982,261,208,8,1,0,1,2,0,0),(1983,261,49,8,1,0,1,2,0,2),(1984,261,210,8,1,0,1,5,0,2),(1985,261,224,8,0,0,0,1,0,0),(1986,261,132,6,0,0,0,0,0,0),(1987,261,68,6,1,1,2,2,0,0),(1988,261,63,6,0,2,2,1,0,0),(1989,261,317,6,0,0,0,2,0,0),(1990,261,74,6,0,0,0,1,0,4),(1991,261,67,6,0,0,0,1,0,0),(1992,261,56,6,0,2,2,2,0,0),(1993,261,44,6,0,0,0,5,0,0),(1994,261,65,6,1,0,1,3,0,0),(1995,261,313,6,0,0,0,0,0,0),(1996,261,244,6,0,0,0,4,0,0),(1997,261,66,6,0,0,0,2,0,0),(1998,261,100,6,1,0,1,5,0,0),(1999,261,316,6,0,1,1,1,0,2),(2000,261,73,6,0,1,1,1,0,0),(2001,261,76,6,1,0,1,2,0,2),(2002,261,26,6,0,1,1,2,0,2),(2003,261,86,6,0,0,0,1,0,0),(2004,261,200,6,0,0,0,0,0,0),(2005,262,24,2,0,0,0,0,0,0),(2006,262,236,2,0,0,0,3,0,0),(2007,262,167,2,0,0,0,1,0,0),(2008,262,191,2,0,0,0,0,0,2),(2009,262,102,2,0,0,0,1,0,0),(2010,262,162,2,0,0,0,0,0,0),(2011,262,23,2,1,0,1,2,0,0),(2012,262,25,2,0,0,0,2,0,0),(2013,262,264,2,0,0,0,1,0,0),(2014,262,188,2,0,0,0,1,0,0),(2015,262,90,2,0,0,0,0,0,0),(2016,262,269,2,0,0,0,0,0,0),(2017,262,20,2,0,1,1,3,0,0),(2018,262,21,2,0,1,1,4,0,0),(2019,262,104,2,0,0,0,2,0,0),(2020,262,190,2,0,0,0,0,0,0),(2021,262,247,2,0,0,0,1,0,0),(2022,262,189,2,0,0,0,1,0,0),(2023,262,263,2,0,0,0,2,0,0),(2024,262,32,3,0,0,0,3,0,0),(2025,262,84,3,0,0,0,5,0,0),(2026,262,42,3,0,1,1,2,0,0),(2027,262,39,3,0,0,0,0,0,0),(2028,262,61,3,0,0,0,2,0,0),(2029,262,199,3,0,0,0,1,0,0),(2030,262,128,3,0,0,0,1,0,0),(2031,262,98,3,1,0,1,3,0,0),(2032,262,5,3,0,0,0,0,0,0),(2033,262,83,3,0,0,0,0,0,0),(2034,262,4,3,0,0,0,2,0,0),(2035,262,157,3,0,0,0,0,0,0),(2036,262,31,3,1,0,1,2,0,0),(2037,262,51,3,0,0,0,1,0,0),(2038,262,253,3,0,1,1,2,0,0),(2039,262,35,3,0,0,0,1,0,0),(2040,262,272,3,0,1,1,1,0,0),(2041,262,79,3,0,0,0,0,0,0),(2042,262,274,3,0,0,0,0,0,0),(2043,263,310,9,0,0,0,1,0,2),(2044,263,209,9,1,0,1,2,0,0),(2045,263,180,9,0,0,0,0,0,0),(2046,263,198,9,0,1,1,1,0,0),(2047,263,161,9,1,1,2,4,0,0),(2048,263,227,9,0,0,0,0,0,0),(2049,263,11,9,0,1,1,1,0,0),(2050,263,140,9,0,0,0,0,0,0),(2051,263,220,9,0,0,0,0,0,0),(2052,263,75,9,2,0,2,3,0,0),(2053,263,50,9,0,1,1,0,0,0),(2054,263,114,9,1,0,1,2,0,0),(2055,263,129,9,0,0,0,1,0,0),(2056,263,305,9,0,0,0,4,0,0),(2057,263,252,9,0,1,1,1,0,2),(2058,263,89,9,0,0,0,2,0,0),(2059,263,169,9,0,0,0,3,0,0),(2060,263,221,9,0,1,1,1,0,0),(2061,263,239,9,0,0,0,2,0,0),(2062,263,68,6,0,0,0,3,0,0),(2063,263,116,6,0,0,0,0,0,0),(2064,263,63,6,0,0,0,1,0,0),(2065,263,317,6,0,0,0,1,0,0),(2066,263,74,6,0,0,0,0,0,0),(2067,263,67,6,0,0,0,1,0,0),(2068,263,56,6,0,0,0,0,0,0),(2069,263,44,6,0,0,0,3,0,0),(2070,263,65,6,0,0,0,2,0,0),(2071,263,313,6,0,0,0,1,0,2),(2072,263,244,6,0,0,0,1,0,0),(2073,263,66,6,0,0,0,2,0,0),(2074,263,100,6,0,0,0,0,0,0),(2075,263,316,6,0,0,0,0,0,0),(2076,263,73,6,0,0,0,4,0,0),(2077,263,76,6,0,0,0,2,0,0),(2078,263,26,6,0,0,0,2,0,0),(2079,263,86,6,0,0,0,1,0,0),(2080,263,200,6,0,0,0,0,0,0),(2081,264,32,3,0,0,0,6,0,0),(2082,264,84,3,0,1,1,2,0,0),(2083,264,42,3,1,0,1,2,0,2),(2084,264,61,3,0,1,1,6,0,0),(2085,264,199,3,0,0,0,0,0,4),(2086,264,128,3,0,0,0,2,0,0),(2087,264,98,3,2,0,2,3,0,0),(2088,264,5,3,0,0,0,0,0,0),(2089,264,83,3,0,1,1,1,0,0),(2090,264,201,3,0,0,0,2,0,0),(2091,264,4,3,0,0,0,2,0,0),(2092,264,157,3,0,0,0,1,0,0),(2093,264,31,3,0,0,0,0,0,0),(2094,264,51,3,0,1,1,0,0,0),(2095,264,253,3,0,0,0,1,0,0),(2096,264,35,3,0,0,0,3,0,0),(2097,264,272,3,0,0,0,1,0,0),(2098,264,79,3,0,0,0,2,0,2),(2099,264,274,3,0,0,0,2,0,0),(2100,264,71,5,0,0,0,0,0,0),(2101,264,242,5,0,0,0,1,0,2),(2102,264,219,5,0,0,0,0,0,0),(2103,264,289,5,0,0,0,1,0,0),(2104,264,101,5,0,0,0,1,0,0),(2105,264,38,5,0,0,0,0,0,0),(2106,264,88,5,0,1,1,0,0,0),(2107,264,57,5,0,0,0,1,0,0),(2108,264,58,5,0,0,0,2,0,0),(2109,264,217,5,0,0,0,0,0,0),(2110,264,241,5,0,0,0,4,0,0),(2111,264,118,5,0,0,0,1,0,4),(2112,264,53,5,0,0,0,2,0,0),(2113,264,192,5,0,0,0,0,0,0),(2114,264,286,5,0,0,0,0,0,0),(2115,264,72,5,0,0,0,2,0,0),(2116,264,240,5,1,0,1,3,0,0),(2117,264,115,5,0,1,1,3,0,0),(2118,264,223,5,0,0,0,3,0,2),(2119,265,24,2,0,0,0,3,0,0),(2120,265,236,2,0,1,1,1,0,0),(2121,265,167,2,0,0,0,2,0,0),(2122,265,191,2,2,0,2,3,0,0),(2123,265,102,2,0,0,0,0,0,0),(2124,265,23,2,1,0,1,2,0,0),(2125,265,25,2,1,1,2,1,0,0),(2126,265,264,2,0,0,0,2,0,4),(2127,265,194,2,0,0,0,1,0,0),(2128,265,188,2,0,2,2,2,0,0),(2129,265,90,2,0,0,0,0,0,0),(2130,265,269,2,0,0,0,1,0,0),(2131,265,20,2,1,0,1,4,0,0),(2132,265,21,2,1,0,1,4,0,0),(2133,265,104,2,0,0,0,0,0,0),(2134,265,190,2,0,1,1,0,0,0),(2135,265,247,2,0,2,2,0,0,0),(2136,265,189,2,0,0,0,1,0,0),(2137,265,263,2,0,0,0,0,0,0),(2138,265,251,4,0,0,0,0,0,0),(2139,265,206,4,0,0,0,0,0,0),(2140,265,147,4,0,1,1,1,0,0),(2141,265,229,4,0,0,0,0,0,0),(2142,265,131,4,0,0,0,0,0,0),(2143,265,205,4,0,0,0,5,0,2),(2144,265,87,4,0,0,0,2,0,0),(2145,265,207,4,0,0,0,0,0,0),(2146,265,285,4,0,1,1,0,0,0),(2147,265,40,4,0,0,0,1,0,0),(2148,265,230,4,0,0,0,1,0,0),(2149,265,277,4,1,0,1,2,0,0),(2150,265,280,4,0,1,1,1,0,0),(2151,265,47,4,0,0,0,1,0,0),(2152,265,204,4,0,0,0,0,0,0),(2153,265,30,4,0,0,0,1,0,2),(2154,265,60,4,0,0,0,1,0,0),(2155,265,45,4,0,1,1,2,0,0),(2156,265,245,4,1,0,1,9,0,2),(2157,266,196,8,0,0,0,2,0,2),(2158,266,203,8,0,1,1,0,0,0),(2159,266,142,8,0,0,0,2,0,0),(2160,266,36,8,1,0,1,4,0,0),(2161,266,237,8,0,0,0,0,0,0),(2162,266,2,8,0,0,0,0,0,0),(2163,266,138,8,0,0,0,6,0,0),(2164,266,91,8,0,0,0,0,0,0),(2165,266,181,8,0,0,0,6,0,0),(2166,266,99,8,0,0,0,0,0,0),(2167,266,13,8,0,0,0,4,0,0),(2168,266,294,8,0,0,0,1,0,0),(2169,266,34,8,0,0,0,2,0,0),(2170,266,208,8,0,0,0,1,0,0),(2171,266,295,8,0,0,0,1,0,0),(2172,266,49,8,0,0,0,0,0,0),(2173,266,210,8,0,1,1,2,0,0),(2174,266,224,8,0,0,0,3,0,0),(2175,266,310,9,0,0,0,0,0,0),(2176,266,209,9,1,1,2,2,0,2),(2177,266,180,9,0,0,0,0,0,0),(2178,266,198,9,1,1,2,2,0,0),(2179,266,161,9,0,1,1,2,0,0),(2180,266,227,9,0,0,0,1,0,0),(2181,266,11,9,0,0,0,3,0,0),(2182,266,140,9,0,0,0,0,0,0),(2183,266,220,9,0,0,0,0,0,0),(2184,266,75,9,0,1,1,5,0,0),(2185,266,50,9,0,0,0,1,0,0),(2186,266,114,9,0,0,0,2,0,0),(2187,266,129,9,0,0,0,0,0,0),(2188,266,305,9,0,0,0,2,0,0),(2189,266,252,9,1,0,1,4,0,0),(2190,266,89,9,0,1,1,1,0,0),(2191,266,169,9,0,1,1,4,0,2),(2192,266,221,9,0,0,0,1,0,0),(2193,266,239,9,0,0,0,1,0,0),(2194,267,32,3,0,1,1,5,0,0),(2195,267,84,3,0,0,0,0,0,0),(2196,267,42,3,0,0,0,4,0,0),(2197,267,61,3,0,1,1,4,0,0),(2198,267,199,3,0,1,1,1,0,0),(2199,267,128,3,0,0,0,0,0,0),(2200,267,98,3,0,0,0,0,0,0),(2201,267,5,3,0,0,0,4,0,0),(2202,267,83,3,0,0,0,3,0,0),(2203,267,201,3,0,0,0,0,0,0),(2204,267,4,3,1,0,1,2,0,0),(2205,267,157,3,0,0,0,1,0,0),(2206,267,31,3,1,0,1,5,0,0),(2207,267,51,3,0,0,0,0,0,0),(2208,267,253,3,0,1,1,0,0,0),(2209,267,35,3,0,0,0,0,0,0),(2210,267,272,3,0,1,1,1,0,2),(2211,267,79,3,0,1,1,0,0,0),(2212,267,274,3,1,0,1,1,0,0),(2213,267,68,6,0,0,0,2,0,0),(2214,267,116,6,0,0,0,0,0,0),(2215,267,63,6,0,0,0,2,0,0),(2216,267,317,6,0,0,0,2,0,0),(2217,267,74,6,0,0,0,0,0,4),(2218,267,67,6,0,0,0,1,0,4),(2219,267,56,6,0,0,0,2,0,0),(2220,267,44,6,0,0,0,0,0,0),(2221,267,65,6,0,0,0,0,0,0),(2222,267,313,6,0,0,0,1,0,0),(2223,267,244,6,0,0,0,1,0,0),(2224,267,66,6,0,0,0,3,0,0),(2225,267,100,6,0,0,0,1,0,0),(2226,267,316,6,0,0,0,0,0,0),(2227,267,73,6,0,0,0,2,0,0),(2228,267,76,6,0,0,0,1,0,0),(2229,267,26,6,0,0,0,2,0,0),(2230,267,86,6,0,0,0,1,0,0),(2231,267,200,6,0,0,0,1,0,0),(2232,269,52,1,0,1,1,4,0,0),(2233,269,12,1,0,0,0,1,0,0),(2234,269,182,1,0,0,0,1,0,0),(2235,269,254,1,0,0,0,0,0,0),(2236,269,246,1,0,1,1,7,0,0),(2237,269,15,1,0,1,1,1,0,0),(2238,269,97,1,1,0,1,3,0,0),(2239,269,256,1,0,1,1,2,0,0),(2240,269,17,1,0,1,1,0,0,0),(2241,269,259,1,1,0,1,2,0,0),(2242,269,1,1,0,0,0,3,0,0),(2243,269,212,1,0,0,0,1,0,0),(2244,269,243,1,0,0,0,1,0,0),(2245,269,183,1,0,0,0,0,0,0),(2246,269,149,1,0,0,0,0,0,0),(2247,269,16,1,1,0,1,3,0,0),(2248,269,232,1,0,0,0,0,0,0),(2249,269,185,1,0,0,0,2,0,0),(2250,269,78,1,0,0,0,4,0,0),(2251,269,251,4,0,0,0,1,0,0),(2252,269,206,4,0,0,0,0,0,0),(2253,269,147,4,0,0,0,0,0,0),(2254,269,229,4,0,1,1,0,0,0),(2255,269,131,4,0,0,0,0,0,0),(2256,269,205,4,0,1,1,9,0,0),(2257,269,87,4,0,0,0,3,0,0),(2258,269,207,4,0,0,0,1,0,0),(2259,269,285,4,0,1,1,0,0,0),(2260,269,40,4,0,0,0,1,0,0),(2261,269,230,4,0,0,0,1,0,0),(2262,269,277,4,0,0,0,1,0,0),(2263,269,280,4,0,1,1,1,0,0),(2264,269,47,4,0,1,1,3,0,0),(2265,269,204,4,0,0,0,2,0,0),(2266,269,30,4,1,0,1,2,0,0),(2267,269,60,4,0,1,1,2,0,0),(2268,269,45,4,0,0,0,2,0,0),(2269,269,245,4,2,0,2,4,0,0),(2270,268,71,5,0,1,1,0,0,0),(2271,268,242,5,0,1,1,1,0,0),(2272,268,219,5,0,0,0,2,0,0),(2273,268,289,5,0,0,0,2,0,0),(2274,268,101,5,0,0,0,1,0,0),(2275,268,38,5,0,0,0,0,0,0),(2276,268,88,5,0,1,1,1,0,2),(2277,268,57,5,0,1,1,3,0,0),(2278,268,58,5,0,1,1,2,0,0),(2279,268,217,5,0,0,0,1,0,0),(2280,268,241,5,0,1,1,2,0,2),(2281,268,118,5,0,0,0,0,0,0),(2282,268,53,5,1,1,2,7,0,0),(2283,268,192,5,0,0,0,0,0,0),(2284,268,286,5,0,0,0,0,0,15),(2285,268,72,5,2,0,2,4,0,0),(2286,268,240,5,1,0,1,2,0,0),(2287,268,115,5,0,0,0,1,0,0),(2288,268,223,5,0,0,0,1,0,0),(2289,268,196,8,0,0,0,2,0,2),(2290,268,203,8,0,0,0,0,0,2),(2291,268,291,8,0,0,0,0,0,0),(2292,268,142,8,0,0,0,0,0,0),(2293,268,36,8,1,1,2,3,0,0),(2294,268,237,8,0,0,0,0,0,0),(2295,268,2,8,0,0,0,2,0,0),(2296,268,138,8,0,0,0,0,0,0),(2297,268,91,8,0,0,0,0,0,0),(2298,268,181,8,0,0,0,3,0,0),(2299,268,99,8,0,0,0,1,0,0),(2300,268,13,8,1,0,1,6,0,0),(2301,268,294,8,0,0,0,0,0,0),(2302,268,34,8,0,0,0,3,0,0),(2303,268,208,8,0,0,0,0,0,2),(2304,268,49,8,0,0,0,1,0,0),(2305,268,210,8,0,0,0,4,0,0),(2306,268,224,8,0,1,1,1,0,0),(2307,270,24,2,0,0,0,1,0,2),(2308,270,236,2,1,0,1,2,0,0),(2309,270,167,2,0,0,0,1,0,0),(2310,270,191,2,0,0,0,1,0,0),(2311,270,102,2,0,0,0,0,0,0),(2312,270,23,2,1,0,1,4,0,0),(2313,270,25,2,0,1,1,2,0,0),(2314,270,264,2,0,1,1,0,0,0),(2315,270,194,2,0,0,0,0,0,0),(2316,270,188,2,0,1,1,0,0,0),(2317,270,90,2,0,0,0,2,0,2),(2318,270,269,2,0,0,0,1,0,0),(2319,270,20,2,0,0,0,1,0,0),(2320,270,21,2,0,2,2,1,0,0),(2321,270,104,2,0,0,0,0,0,0),(2322,270,190,2,0,0,0,0,0,0),(2323,270,247,2,0,1,1,2,0,0),(2324,270,189,2,2,0,2,2,0,0),(2325,270,263,2,0,0,0,2,0,0),(2326,270,310,9,0,0,0,0,0,0),(2327,270,209,9,0,0,0,2,0,0),(2328,270,180,9,0,0,0,0,0,0),(2329,270,198,9,0,0,0,2,0,0),(2330,270,161,9,0,0,0,4,0,2),(2331,270,227,9,0,0,0,2,0,0),(2332,270,11,9,0,0,0,5,0,0),(2333,270,220,9,0,0,0,3,0,0),(2334,270,75,9,0,1,1,0,0,0),(2335,270,50,9,0,0,0,0,0,0),(2336,270,114,9,0,0,0,0,0,0),(2337,270,129,9,0,0,0,3,0,0),(2338,270,305,9,0,0,0,2,0,0),(2339,270,252,9,1,0,1,2,0,0),(2340,270,89,9,0,0,0,2,0,2),(2341,270,169,9,0,0,0,3,0,0),(2342,270,248,9,0,0,0,0,0,0),(2343,270,221,9,0,0,0,1,0,0),(2344,270,239,9,0,0,0,1,0,0),(2345,271,251,4,0,0,0,3,0,0),(2346,271,206,4,0,0,0,0,0,0),(2347,271,147,4,0,0,0,0,0,0),(2348,271,229,4,0,1,1,3,0,0),(2349,271,205,4,0,1,1,2,0,0),(2350,271,87,4,0,0,0,2,0,0),(2351,271,207,4,0,0,0,2,0,0),(2352,271,9,4,0,0,0,3,0,0),(2353,271,285,4,0,0,0,1,0,0),(2354,271,40,4,0,0,0,1,0,0),(2355,271,230,4,0,0,0,4,0,0),(2356,271,277,4,0,0,0,0,0,0),(2357,271,249,4,0,0,0,2,0,0),(2358,271,280,4,1,0,1,4,0,0),(2359,271,47,4,0,0,0,2,0,0),(2360,271,204,4,0,0,0,0,0,0),(2361,271,30,4,0,0,0,1,0,2),(2362,271,45,4,0,0,0,0,0,0),(2363,271,245,4,0,0,0,5,0,2),(2364,271,32,3,0,2,2,2,0,0),(2365,271,84,3,0,0,0,1,0,2),(2366,271,42,3,0,0,0,1,0,0),(2367,271,271,3,0,0,0,2,0,0),(2368,271,39,3,0,0,0,0,0,0),(2369,271,61,3,0,0,0,1,0,0),(2370,271,199,3,1,0,1,4,0,0),(2371,271,128,3,0,0,0,1,0,2),(2372,271,98,3,0,0,0,2,0,0),(2373,271,5,3,0,0,0,0,0,0),(2374,271,201,3,1,1,2,1,0,0),(2375,271,4,3,0,1,1,0,0,0),(2376,271,157,3,0,0,0,1,0,0),(2377,271,51,3,0,0,0,0,0,2),(2378,271,253,3,0,1,1,0,0,2),(2379,271,35,3,1,0,1,2,0,0),(2380,271,272,3,1,0,1,2,0,0),(2381,271,79,3,0,0,0,2,0,0),(2382,271,274,3,0,1,1,0,0,0),(2383,272,62,8,1,0,1,5,0,0),(2384,272,196,8,0,0,0,4,0,0),(2385,272,203,8,0,0,0,4,0,0),(2386,272,291,8,0,0,0,0,0,0),(2387,272,142,8,1,0,1,1,0,2),(2388,272,36,8,0,1,1,0,0,0),(2389,272,237,8,0,0,0,0,0,0),(2390,272,2,8,0,0,0,0,0,0),(2391,272,138,8,0,0,0,2,0,0),(2392,272,91,8,0,0,0,0,0,0),(2393,272,99,8,0,0,0,1,0,0),(2394,272,34,8,0,1,1,4,0,0),(2395,272,208,8,0,0,0,1,0,0),(2396,272,295,8,0,0,0,0,0,0),(2397,272,293,8,0,0,0,0,0,0),(2398,272,49,8,0,0,0,2,0,0),(2399,272,210,8,0,1,1,5,0,0),(2400,272,224,8,0,1,1,2,0,0),(2401,272,68,6,1,0,1,3,0,0),(2402,272,116,6,0,0,0,0,0,0),(2403,272,63,6,0,1,1,2,0,0),(2404,272,317,6,0,1,1,1,0,0),(2405,272,74,6,0,0,0,0,0,0),(2406,272,67,6,1,1,2,2,0,2),(2407,272,56,6,0,0,0,1,0,0),(2408,272,315,6,0,0,0,0,0,0),(2409,272,44,6,0,1,1,1,0,0),(2410,272,65,6,1,0,1,3,0,0),(2411,272,313,6,1,0,1,3,0,0),(2412,272,66,6,0,0,0,0,0,0),(2413,272,100,6,0,1,1,2,0,0),(2414,272,316,6,0,0,0,1,0,0),(2415,272,73,6,1,0,1,1,0,2),(2416,272,76,6,0,0,0,6,0,0),(2417,272,26,6,0,0,0,1,0,0),(2418,272,86,6,0,0,0,1,0,0),(2419,272,200,6,0,0,0,1,0,0),(2420,273,71,5,0,0,0,0,0,4),(2421,273,242,5,0,0,0,0,0,0),(2422,273,219,5,0,0,0,4,0,0),(2423,273,289,5,0,0,0,0,0,2),(2424,273,101,5,0,0,0,1,0,0),(2425,273,38,5,0,0,0,3,0,0),(2426,273,88,5,0,0,0,0,0,0),(2427,273,57,5,0,0,0,0,0,0),(2428,273,58,5,0,1,1,1,0,0),(2429,273,217,5,0,0,0,0,0,2),(2430,273,241,5,0,0,0,1,0,0),(2431,273,118,5,0,0,0,0,0,0),(2432,273,53,5,0,1,1,1,0,0),(2433,273,192,5,0,0,0,0,0,0),(2434,273,286,5,0,0,0,0,0,0),(2435,273,72,5,2,0,2,8,0,0),(2436,273,240,5,0,0,0,0,0,0),(2437,273,115,5,0,0,0,2,0,0),(2438,273,223,5,0,0,0,4,0,0),(2439,273,12,1,0,1,1,3,0,0),(2440,273,182,1,0,1,1,0,0,0),(2441,273,254,1,0,0,0,0,0,0),(2442,273,246,1,0,0,0,2,0,2),(2443,273,15,1,1,1,2,2,0,0),(2444,273,97,1,0,0,0,3,0,0),(2445,273,17,1,0,0,0,2,0,0),(2446,273,259,1,1,0,1,2,0,0),(2447,273,1,1,0,0,0,0,0,0),(2448,273,212,1,0,0,0,0,0,0),(2449,273,243,1,0,0,0,1,0,2),(2450,273,183,1,0,0,0,1,0,0),(2451,273,8,1,0,0,0,1,0,0),(2452,273,149,1,0,0,0,2,0,0),(2453,273,16,1,0,0,0,0,0,0),(2454,273,232,1,0,0,0,0,0,0),(2455,273,185,1,0,0,0,3,0,0),(2456,273,46,1,0,0,0,0,0,0),(2457,273,78,1,0,1,1,1,0,0),(2458,274,32,3,1,0,1,8,0,0),(2459,274,84,3,0,0,0,2,0,2),(2460,274,42,3,0,0,0,3,0,0),(2461,274,271,3,0,0,0,2,0,0),(2462,274,39,3,0,0,0,0,0,0),(2463,274,61,3,0,2,2,2,0,4),(2464,274,199,3,1,0,1,1,0,0),(2465,274,128,3,0,0,0,0,0,0),(2466,274,98,3,1,1,2,2,0,0),(2467,274,5,3,0,0,0,1,0,0),(2468,274,201,3,0,0,0,1,0,0),(2469,274,4,3,0,0,0,0,0,0),(2470,274,31,3,0,1,1,2,0,2),(2471,274,51,3,0,1,1,0,0,0),(2472,274,253,3,0,0,0,0,0,0),(2473,274,35,3,0,0,0,3,0,0),(2474,274,272,3,0,0,0,1,0,0),(2475,274,79,3,1,0,1,2,0,0),(2476,274,274,3,0,0,0,3,0,0),(2477,274,24,2,0,0,0,0,0,0),(2478,274,236,2,0,0,0,0,0,0),(2479,274,167,2,0,0,0,3,0,0),(2480,274,191,2,0,0,0,0,0,0),(2481,274,102,2,0,0,0,0,0,0),(2482,274,162,2,0,0,0,0,0,0),(2483,274,23,2,0,0,0,1,0,0),(2484,274,25,2,0,0,0,0,0,0),(2485,274,264,2,0,0,0,2,0,2),(2486,274,37,2,0,0,0,1,0,0),(2487,274,188,2,0,0,0,2,0,0),(2488,274,90,2,0,0,0,0,0,0),(2489,274,269,2,0,0,0,0,0,0),(2490,274,21,2,0,0,0,4,0,0),(2491,274,104,2,0,0,0,0,0,0),(2492,274,190,2,0,0,0,1,0,0),(2493,274,247,2,0,0,0,1,0,0),(2494,274,189,2,0,0,0,1,0,2),(2495,274,263,2,0,0,0,1,0,0);
/*!40000 ALTER TABLE `player_game_stats` ENABLE KEYS */;
UNLOCK TABLES;

--
-- Table structure for table `players`
--

DROP TABLE IF EXISTS `players`;
/*!40101 SET @saved_cs_client     = @@character_set_client */;
/*!50503 SET character_set_client = utf8mb4 */;
CREATE TABLE `players` (
  `player_id` int NOT NULL AUTO_INCREMENT,
  `first_name` varchar(100) NOT NULL,
  `last_name` varchar(100) NOT NULL,
  `position` varchar(5) DEFAULT NULL,
  `jersey_number` int DEFAULT NULL,
  PRIMARY KEY (`player_id`)
) ENGINE=InnoDB AUTO_INCREMENT=318 DEFAULT CHARSET=utf8mb4 COLLATE=utf8mb4_0900_ai_ci;
/*!40101 SET character_set_client = @saved_cs_client */;

--
-- Dumping data for table `players`
--

LOCK TABLES `players` WRITE;
/*!40000 ALTER TABLE `players` DISABLE KEYS */;
INSERT INTO `players` VALUES (1,'Hannah','Brandt','C',20),(2,'Emily','Brown','RD',11),(4,'Shiann','Darkangelo','C',27),(5,'Jessica','DiGirolamo','LD',22),(6,'Aerin','Frankel','G',NULL),(8,'Loren','Gabel','LW',36),(9,'Taylor','Girard','LW',17),(11,'Sophie','Jaques','RD',16),(12,'Megan','Keller','LD',5),(13,'Hilary','Knight','RW',21),(15,'Alina','Müller','C',11),(16,'Jamie Lee','Rattray','RW',47),(17,'Theresa','Schafzahl','LW',17),(18,'Sophie','Shirley','RW',9),(20,'Kendall','Coyne Schofield','LW',26),(21,'Taylor','Heise','C',27),(22,'Nicole','Hensley','G',NULL),(23,'Kelly','Pannek','C',12),(24,'Lee','Stecklein','LD',2),(25,'Grace','Zumwinkle','RW',13),(26,'Claire','Dalton','RW',42),(28,'Ann-Renée','Desbiens','G',NULL),(30,'Kristin','O\'Neill','C',43),(31,'Marie-Philip','Poulin','C',29),(32,'Laura','Stacey','RW',7),(34,'Alex','Carpenter','C',25),(35,'Jade','Downie-Landry','LW',77),(36,'Jessie','Eldridge','RW',9),(37,'Élizabeth','Giguère','RW',18),(38,'Brooke','Hobson','RD',11),(39,'Alexandra','Labelle','LW',13),(40,'Paetyn','Levis','RW',19),(41,'Abbey','Levy','G',NULL),(42,'Abby','Roque','LW',11),(44,'Ella','Shelton','LD',17),(45,'Kayla','Vespa','C',81),(46,'Olivia','Zafuto','RD',73),(47,'Micah','Zandee-Hart','LD',28),(48,'Sandra','Abstreiter','G',NULL),(49,'Lexie','Adzija','RW',78),(50,'Ashton','Bell','RD',21),(51,'Amanda','Boulier','RD',44),(52,'Zoe','Boyd','LD',3),(53,'Emily','Clark','RW',26),(56,'Savannah','Harmon','LD',15),(57,'Gabbie','Hughes','C',17),(58,'Brianne','Jenner','C',19),(59,'Emerance','Maschmeyer','G',NULL),(60,'Jincy','Roese','D',71),(61,'Hayley','Scamurra','C',16),(62,'Aneta','Tejralová','RD',2),(63,'Daryl','Watts','LW',9),(64,'Kristen','Campbell','G',NULL),(65,'Jesse','Compher','RW',18),(66,'Maggie','Connors','LW',22),(67,'Renata','Fast','RD',14),(68,'Kali','Flanagan','RD',6),(71,'Jocelyne','Larocque','LD',3),(72,'Rebecca','Leslie','LW',37),(73,'Emma','Maltais','C',27),(74,'Allie','Munroe','LD',12),(75,'Sarah','Nurse','C',20),(76,'Blayre','Turnbull','C',40),(78,'Susanna','Tapani','C',77),(79,'Maggie','Flaherty','RD',91),(83,'Erin','Ambrose','RD',23),(84,'Kati','Tabin','LD',9),(85,'Elaine','Chuli','G',NULL),(86,'Emma','Woods','RW',67),(87,'Jaime','Bourbonnais','LD',14),(88,'Kateřina','Mrázová','C',16),(89,'Hannah','Miller','C',34),(90,'Natalie','Buchbinder','RD',22),(91,'Brooke','Bryant','RW',17),(97,'Liz','Schepers','LW',13),(98,'Maureen','Murphy','RW',21),(99,'Mariah','Keopple','LD',20),(100,'Natalie','Spooner','RW',24),(101,'Alexa','Vasko','C',10),(102,'Claire','Butorac','C',7),(104,'Denisa','Křížová','LW',41),(108,'Samantha','Isbell','RD',55),(114,'Abby','Boreen','RW',22),(115,'Michela','Cava','RW',86),(116,'Clair','DeGeorge','LW',8),(118,'Emma','Greco','LD',25),(123,'Maddie','Rooney','G',NULL),(128,'Kaitlin','Willoughby','RW',19),(129,'Mellissa','Channell-Watkins','LD',23),(131,'Olivia','Knowles','LW',9),(132,'Jessica','Kondas','RD',2),(138,'Mikyla','Grant-Mentis','C',13),(140,'Malia','Schneider','RW',18),(142,'Natalie','Snodgrass','LW',8),(147,'Savannah','Norcross','RW',7),(149,'Jill','Saulnier','RW',44),(155,'Corinne','Schroeder','G',NULL),(157,'Catherine','Dubois','LW',28),(161,'Tereza','Vanišová','RW',13),(162,'Madison','Bizal','LD',9),(167,'Sidney','Morin','RD',5),(169,'Claire','Thompson','LD',42),(180,'Sydney','Bard','LD',11),(181,'Hannah','Bilka','LW',19),(182,'Hadley','Hartmetz','RD',6),(183,'Shay','Maloney','C',27),(185,'Daniela','Pejšová','LD',55),(188,'Mae','Batherson','LD',21),(189,'Britta','Curl-Salemme','RW',77),(190,'Klára','Hymlárová','LW',71),(191,'Katy','Knoll','RW',6),(192,'Brooke','McQuigge','LW',27),(194,'Kaitlyn','O\'Donohoe','RW',16),(195,'Dominique','Petrie','C',14),(196,'Cayla','Barnes','RD',3),(198,'Jenn','Gardiner','LW',12),(199,'Dara','Greig','LW',17),(200,'Anna','Kjellbin','RD',71),(201,'Lina','Ljungblom','C',25),(202,'Kelly Ann','Nadeau','RD',51),(203,'Anna','Wilgren','LD',5),(204,'Emmy','Fecteau','C',29),(205,'Sarah','Fillier','LW',10),(206,'Elle','Hartje','LW',4),(207,'Lauren','Bernard','LD',16),(208,'Megan','Carter','LD',27),(209,'Izzy','Daniel','RW',8),(210,'Julia','Gosling','LW',88),(211,'Raygan','Kirk','G',NULL),(212,'Laura','Kluge','LW',25),(217,'Taylor','House','LW',22),(219,'Stephanie','Markowski','LD',6),(220,'Mannon','McMahon','C',19),(221,'Anna','Meixner','LW',94),(222,'Gwyneth','Philips','G',NULL),(223,'Ronja','Savolainen','RD',88),(224,'Danielle','Serdachny','C',92),(227,'Gabby','Rosenthal','C',15),(228,'Kayle','Osborne','G',NULL),(229,'Maja','Nylen Persson','RD',8),(230,'Allyson','Simpson','RD',20),(232,'Rylind','MacKinnon','LD',53),(236,'Kendall','Cooper','RD',4),(237,'Jenna','Buglioni','LW',10),(238,'Sanni','Ahola','G',NULL),(239,'Anna','Shokhina','LW',97),(240,'Fanuza','Kadirova','LW',71),(241,'Sarah','Wozniewicz','RW',23),(242,'Rory','Guilday','LD',5),(243,'Ella','Huber','RW',26),(244,'Emma','Gentry','C',20),(245,'Kristýna','Kaltounková','RW',98),(246,'Haley','Winn','RD',8),(247,'Abby','Hustler','LW',74),(248,'Anna','Segedi','RW',51),(249,'Anne','Cherkowski','RW',24),(250,'Hannah','Murphy','G',NULL),(251,'Dayle','Ross','RD',2),(252,'Michelle','Karvinen','LW',33),(253,'Nicole','Gosling','LD',61),(254,'Mia','Biotti','LD',7),(255,'Riley','Brengman','RD',16),(256,'Olivia','Mobley','RW',15),(259,'Abby','Newhook','RW',19),(263,'Peyton','Anderson','LW',91),(264,'Brooke','Becker','RD',15),(269,'Vanessa','Upson','C',24),(271,'Tamara','Giaquinto','RD',12),(272,'Skylar','Irving','RW',88),(273,'Maya','Labad','LW',4),(274,'Natálie','Mlýnková','LW',96),(277,'Anna','Bargman','LW',22),(280,'Casey','O\'Brien','C',26),(282,'Callie','Shanahan','G',NULL),(283,'Nicole','Vallario','RD',11),(285,'Maddi','Wheeler','LW',18),(286,'Peyton','Hemp','RW',29),(289,'Kathryn','Reilly','RD',8),(291,'Lily','Delianedis','C',7),(293,'Sydney','Langseth','RW',71),(294,'Lyndie','Lobdell','RD',24),(295,'Marah','Wagner','LW',66),(296,'Olivia','Wallin','C',14),(301,'Katie','Chan','LW',9),(305,'Nina','Jobst-Smith','RD',28),(306,'Darcie','Lappan','C',72),(310,'Madison','Samoskevich','D',7),(311,'Hanna','Baskin','LD',10),(313,'Sara','Hjalmarsson','C',19),(315,'Lauren','Messier','LW',16),(316,'Clara','Van Wieren','C',25),(317,'Kiara','Zanon','LW',11);
/*!40000 ALTER TABLE `players` ENABLE KEYS */;
UNLOCK TABLES;

--
-- Table structure for table `teams`
--

DROP TABLE IF EXISTS `teams`;
/*!40101 SET @saved_cs_client     = @@character_set_client */;
/*!50503 SET character_set_client = utf8mb4 */;
CREATE TABLE `teams` (
  `team_id` int NOT NULL AUTO_INCREMENT,
  `team_name` varchar(100) NOT NULL,
  `team_code` varchar(10) NOT NULL,
  `season_id` int NOT NULL,
  PRIMARY KEY (`team_id`)
) ENGINE=InnoDB AUTO_INCREMENT=10 DEFAULT CHARSET=utf8mb4 COLLATE=utf8mb4_0900_ai_ci;
/*!40101 SET character_set_client = @saved_cs_client */;

--
-- Dumping data for table `teams`
--

LOCK TABLES `teams` WRITE;
/*!40000 ALTER TABLE `teams` DISABLE KEYS */;
INSERT INTO `teams` VALUES (1,'Boston Fleet','BOS',8),(2,'Minnesota Frost','MIN',8),(3,'Montréal Victoire','MTL',8),(4,'New York Sirens','NY',8),(5,'Ottawa Charge','OTT',8),(6,'Toronto Sceptres','TOR',8),(8,'Seattle Torrent','SEA',8),(9,'Vancouver Goldeneyes','VAN',8);
/*!40000 ALTER TABLE `teams` ENABLE KEYS */;
UNLOCK TABLES;
SET @@SESSION.SQL_LOG_BIN = @MYSQLDUMP_TEMP_LOG_BIN;
/*!40103 SET TIME_ZONE=@OLD_TIME_ZONE */;

/*!40101 SET SQL_MODE=@OLD_SQL_MODE */;
/*!40014 SET FOREIGN_KEY_CHECKS=@OLD_FOREIGN_KEY_CHECKS */;
/*!40014 SET UNIQUE_CHECKS=@OLD_UNIQUE_CHECKS */;
/*!40101 SET CHARACTER_SET_CLIENT=@OLD_CHARACTER_SET_CLIENT */;
/*!40101 SET CHARACTER_SET_RESULTS=@OLD_CHARACTER_SET_RESULTS */;
/*!40101 SET COLLATION_CONNECTION=@OLD_COLLATION_CONNECTION */;
/*!40111 SET SQL_NOTES=@OLD_SQL_NOTES */;

-- Dump completed on 2026-03-01 16:39:10
